"filename", "language", "YAML", "JSON", "Java", "Java Properties", "Log", "Markdown", "Batch", "Ini", "XML", "comment", "blank", "total"
"c:\Users\Utilisateur\Desktop\RB\Dev\MyCodes\GitHub\LoupGarouMinecraftPlugin\.metadata\.plugins\org.eclipse.core.resources\.projects\Traitors\org.eclipse.egit.core\GitProjectData.properties", "Java Properties", 0, 0, 0, 1, 0, 0, 0, 0, 0, 2, 1, 4
"c:\Users\Utilisateur\Desktop\RB\Dev\MyCodes\GitHub\LoupGarouMinecraftPlugin\.metadata\.plugins\org.eclipse.jdt.launching\.install.xml", "XML", 0, 0, 0, 0, 0, 0, 0, 0, 5, 0, 1, 6
"c:\Users\Utilisateur\Desktop\RB\Dev\MyCodes\GitHub\LoupGarouMinecraftPlugin\.metadata\.plugins\org.eclipse.jdt.launching\libraryInfos.xml", "XML", 0, 0, 0, 0, 0, 0, 0, 0, 5, 0, 1, 6
"c:\Users\Utilisateur\Desktop\RB\Dev\MyCodes\GitHub\LoupGarouMinecraftPlugin\.metadata\.plugins\org.eclipse.jdt.ui\OpenTypeHistory.xml", "XML", 0, 0, 0, 0, 0, 0, 0, 0, 2, 0, 1, 3
"c:\Users\Utilisateur\Desktop\RB\Dev\MyCodes\GitHub\LoupGarouMinecraftPlugin\.metadata\.plugins\org.eclipse.jdt.ui\QualifiedTypeNameHistory.xml", "XML", 0, 0, 0, 0, 0, 0, 0, 0, 2, 0, 1, 3
"c:\Users\Utilisateur\Desktop\RB\Dev\MyCodes\GitHub\LoupGarouMinecraftPlugin\.metadata\.plugins\org.eclipse.jdt.ui\dialog_settings.xml", "XML", 0, 0, 0, 0, 0, 0, 0, 0, 14, 0, 1, 15
"c:\Users\Utilisateur\Desktop\RB\Dev\MyCodes\GitHub\LoupGarouMinecraftPlugin\.metadata\.plugins\org.eclipse.m2e.logback\0.log", "Log", 0, 0, 0, 0, 2, 0, 0, 0, 0, 0, 1, 3
"c:\Users\Utilisateur\Desktop\RB\Dev\MyCodes\GitHub\LoupGarouMinecraftPlugin\.metadata\.plugins\org.eclipse.m2e.logback\logback.2.2.1.20231030-1438.xml", "XML", 0, 0, 0, 0, 0, 0, 0, 0, 37, 0, 5, 42
"c:\Users\Utilisateur\Desktop\RB\Dev\MyCodes\GitHub\LoupGarouMinecraftPlugin\.metadata\.plugins\org.eclipse.tips.ide\dialog_settings.xml", "XML", 0, 0, 0, 0, 0, 0, 0, 0, 3, 0, 1, 4
"c:\Users\Utilisateur\Desktop\RB\Dev\MyCodes\GitHub\LoupGarouMinecraftPlugin\.metadata\.plugins\org.eclipse.ui.ide\dialog_settings.xml", "XML", 0, 0, 0, 0, 0, 0, 0, 0, 16, 0, 1, 17
"c:\Users\Utilisateur\Desktop\RB\Dev\MyCodes\GitHub\LoupGarouMinecraftPlugin\.metadata\.plugins\org.eclipse.ui.intro\dialog_settings.xml", "XML", 0, 0, 0, 0, 0, 0, 0, 0, 4, 0, 1, 5
"c:\Users\Utilisateur\Desktop\RB\Dev\MyCodes\GitHub\LoupGarouMinecraftPlugin\.metadata\.plugins\org.eclipse.ui.workbench\dialog_settings.xml", "XML", 0, 0, 0, 0, 0, 0, 0, 0, 3, 0, 1, 4
"c:\Users\Utilisateur\Desktop\RB\Dev\MyCodes\GitHub\LoupGarouMinecraftPlugin\.metadata\.plugins\org.eclipse.ui.workbench\workingsets.xml", "XML", 0, 0, 0, 0, 0, 0, 0, 0, 6, 0, 0, 6
"c:\Users\Utilisateur\Desktop\RB\Dev\MyCodes\GitHub\LoupGarouMinecraftPlugin\.metadata\version.ini", "Ini", 0, 0, 0, 0, 0, 0, 0, 3, 0, 0, 1, 4
"c:\Users\Utilisateur\Desktop\RB\Dev\MyCodes\GitHub\LoupGarouMinecraftPlugin\bin\.VSCodeCounter\2025-06-19_14-00-25\details.md", "Markdown", 0, 0, 0, 0, 0, 187, 0, 0, 0, 0, 6, 193
"c:\Users\Utilisateur\Desktop\RB\Dev\MyCodes\GitHub\LoupGarouMinecraftPlugin\bin\.VSCodeCounter\2025-06-19_14-00-25\diff-details.md", "Markdown", 0, 0, 0, 0, 0, 9, 0, 0, 0, 0, 6, 15
"c:\Users\Utilisateur\Desktop\RB\Dev\MyCodes\GitHub\LoupGarouMinecraftPlugin\bin\.VSCodeCounter\2025-06-19_14-00-25\diff.md", "Markdown", 0, 0, 0, 0, 0, 12, 0, 0, 0, 0, 7, 19
"c:\Users\Utilisateur\Desktop\RB\Dev\MyCodes\GitHub\LoupGarouMinecraftPlugin\bin\.VSCodeCounter\2025-06-19_14-00-25\results.json", "JSON", 0, 1, 0, 0, 0, 0, 0, 0, 0, 0, 0, 1
"c:\Users\Utilisateur\Desktop\RB\Dev\MyCodes\GitHub\LoupGarouMinecraftPlugin\bin\.VSCodeCounter\2025-06-19_14-00-25\results.md", "Markdown", 0, 0, 0, 0, 0, 37, 0, 0, 0, 0, 7, 44
"c:\Users\Utilisateur\Desktop\RB\Dev\MyCodes\GitHub\LoupGarouMinecraftPlugin\bin\StarParty\RoleStar.class", "Java", 0, 0, 3, 0, 0, 0, 0, 0, 0, 0, 1, 4
"c:\Users\Utilisateur\Desktop\RB\Dev\MyCodes\GitHub\LoupGarouMinecraftPlugin\bin\StarParty\Role\Chewbaca.class", "Java", 0, 0, 17, 0, 0, 0, 0, 0, 0, 0, 0, 17
"c:\Users\Utilisateur\Desktop\RB\Dev\MyCodes\GitHub\LoupGarouMinecraftPlugin\bin\StarParty\Role\DarkMaul.class", "Java", 0, 0, 16, 0, 0, 0, 0, 0, 0, 0, 0, 16
"c:\Users\Utilisateur\Desktop\RB\Dev\MyCodes\GitHub\LoupGarouMinecraftPlugin\bin\StarParty\Role\DarkVador.class", "Java", 0, 0, 19, 0, 0, 0, 0, 0, 0, 0, 0, 19
"c:\Users\Utilisateur\Desktop\RB\Dev\MyCodes\GitHub\LoupGarouMinecraftPlugin\bin\StarParty\Role\Dooku.class", "Java", 0, 0, 24, 0, 0, 0, 0, 0, 0, 0, 0, 24
"c:\Users\Utilisateur\Desktop\RB\Dev\MyCodes\GitHub\LoupGarouMinecraftPlugin\bin\StarParty\Role\Grievous.class", "Java", 0, 0, 16, 0, 0, 0, 0, 0, 0, 0, 0, 16
"c:\Users\Utilisateur\Desktop\RB\Dev\MyCodes\GitHub\LoupGarouMinecraftPlugin\bin\StarParty\Role\HanSolo.class", "Java", 0, 0, 16, 0, 0, 0, 0, 0, 0, 0, 0, 16
"c:\Users\Utilisateur\Desktop\RB\Dev\MyCodes\GitHub\LoupGarouMinecraftPlugin\bin\StarParty\Role\Impe.class", "Java", 0, 0, 15, 0, 0, 0, 0, 0, 0, 0, 0, 15
"c:\Users\Utilisateur\Desktop\RB\Dev\MyCodes\GitHub\LoupGarouMinecraftPlugin\bin\StarParty\Role\Jango$1.class", "Java", 0, 0, 11, 0, 0, 0, 0, 0, 0, 0, 0, 11
"c:\Users\Utilisateur\Desktop\RB\Dev\MyCodes\GitHub\LoupGarouMinecraftPlugin\bin\StarParty\Role\Jango$10.class", "Java", 0, 0, 10, 0, 0, 0, 0, 0, 0, 0, 0, 10
"c:\Users\Utilisateur\Desktop\RB\Dev\MyCodes\GitHub\LoupGarouMinecraftPlugin\bin\StarParty\Role\Jango$2.class", "Java", 0, 0, 11, 0, 0, 0, 0, 0, 0, 0, 0, 11
"c:\Users\Utilisateur\Desktop\RB\Dev\MyCodes\GitHub\LoupGarouMinecraftPlugin\bin\StarParty\Role\Jango$3.class", "Java", 0, 0, 11, 0, 0, 0, 0, 0, 0, 0, 0, 11
"c:\Users\Utilisateur\Desktop\RB\Dev\MyCodes\GitHub\LoupGarouMinecraftPlugin\bin\StarParty\Role\Jango$4.class", "Java", 0, 0, 11, 0, 0, 0, 0, 0, 0, 0, 0, 11
"c:\Users\Utilisateur\Desktop\RB\Dev\MyCodes\GitHub\LoupGarouMinecraftPlugin\bin\StarParty\Role\Jango$5.class", "Java", 0, 0, 11, 0, 0, 0, 0, 0, 0, 0, 0, 11
"c:\Users\Utilisateur\Desktop\RB\Dev\MyCodes\GitHub\LoupGarouMinecraftPlugin\bin\StarParty\Role\Jango$6.class", "Java", 0, 0, 11, 0, 0, 0, 0, 0, 0, 0, 0, 11
"c:\Users\Utilisateur\Desktop\RB\Dev\MyCodes\GitHub\LoupGarouMinecraftPlugin\bin\StarParty\Role\Jango$7.class", "Java", 0, 0, 11, 0, 0, 0, 0, 0, 0, 0, 0, 11
"c:\Users\Utilisateur\Desktop\RB\Dev\MyCodes\GitHub\LoupGarouMinecraftPlugin\bin\StarParty\Role\Jango$8.class", "Java", 0, 0, 11, 0, 0, 0, 0, 0, 0, 0, 0, 11
"c:\Users\Utilisateur\Desktop\RB\Dev\MyCodes\GitHub\LoupGarouMinecraftPlugin\bin\StarParty\Role\Jango$9.class", "Java", 0, 0, 11, 0, 0, 0, 0, 0, 0, 0, 0, 11
"c:\Users\Utilisateur\Desktop\RB\Dev\MyCodes\GitHub\LoupGarouMinecraftPlugin\bin\StarParty\Role\Jango.class", "Java", 0, 0, 64, 0, 0, 0, 0, 0, 0, 0, 0, 64
"c:\Users\Utilisateur\Desktop\RB\Dev\MyCodes\GitHub\LoupGarouMinecraftPlugin\bin\StarParty\Role\Leila.class", "Java", 0, 0, 15, 0, 0, 0, 0, 0, 0, 0, 0, 15
"c:\Users\Utilisateur\Desktop\RB\Dev\MyCodes\GitHub\LoupGarouMinecraftPlugin\bin\StarParty\Role\Luke.class", "Java", 0, 0, 22, 0, 0, 0, 0, 0, 0, 0, 0, 22
"c:\Users\Utilisateur\Desktop\RB\Dev\MyCodes\GitHub\LoupGarouMinecraftPlugin\bin\StarParty\Role\Obiwan.class", "Java", 0, 0, 17, 0, 0, 0, 0, 0, 0, 0, 0, 17
"c:\Users\Utilisateur\Desktop\RB\Dev\MyCodes\GitHub\LoupGarouMinecraftPlugin\bin\StarParty\Role\Palpatine.class", "Java", 0, 0, 16, 0, 0, 0, 0, 0, 0, 0, 0, 16
"c:\Users\Utilisateur\Desktop\RB\Dev\MyCodes\GitHub\LoupGarouMinecraftPlugin\bin\StarParty\Role\QuiGon.class", "Java", 0, 0, 17, 0, 0, 0, 0, 0, 0, 0, 0, 17
"c:\Users\Utilisateur\Desktop\RB\Dev\MyCodes\GitHub\LoupGarouMinecraftPlugin\bin\StarParty\Role\Stormtrooper.class", "Java", 0, 0, 7, 0, 0, 0, 0, 0, 0, 0, 0, 7
"c:\Users\Utilisateur\Desktop\RB\Dev\MyCodes\GitHub\LoupGarouMinecraftPlugin\bin\StarParty\Role\Windu.class", "Java", 0, 0, 14, 0, 0, 0, 0, 0, 0, 0, 0, 14
"c:\Users\Utilisateur\Desktop\RB\Dev\MyCodes\GitHub\LoupGarouMinecraftPlugin\bin\StarParty\Role\Yoda.class", "Java", 0, 0, 15, 0, 0, 0, 0, 0, 0, 0, 0, 15
"c:\Users\Utilisateur\Desktop\RB\Dev\MyCodes\GitHub\LoupGarouMinecraftPlugin\bin\StarParty\RolesStar.class", "Java", 0, 0, 23, 0, 0, 0, 0, 0, 0, 0, 0, 23
"c:\Users\Utilisateur\Desktop\RB\Dev\MyCodes\GitHub\LoupGarouMinecraftPlugin\bin\StarParty\StarListener$1.class", "Java", 0, 0, 18, 0, 0, 0, 0, 0, 0, 0, 0, 18
"c:\Users\Utilisateur\Desktop\RB\Dev\MyCodes\GitHub\LoupGarouMinecraftPlugin\bin\StarParty\StarListener$2.class", "Java", 0, 0, 18, 0, 0, 0, 0, 0, 0, 0, 0, 18
"c:\Users\Utilisateur\Desktop\RB\Dev\MyCodes\GitHub\LoupGarouMinecraftPlugin\bin\StarParty\StarListener$3.class", "Java", 0, 0, 18, 0, 0, 0, 0, 0, 0, 0, 0, 18
"c:\Users\Utilisateur\Desktop\RB\Dev\MyCodes\GitHub\LoupGarouMinecraftPlugin\bin\StarParty\StarListener$4.class", "Java", 0, 0, 18, 0, 0, 0, 0, 0, 0, 0, 0, 18
"c:\Users\Utilisateur\Desktop\RB\Dev\MyCodes\GitHub\LoupGarouMinecraftPlugin\bin\StarParty\StarListener$5.class", "Java", 0, 0, 18, 0, 0, 0, 0, 0, 0, 0, 0, 18
"c:\Users\Utilisateur\Desktop\RB\Dev\MyCodes\GitHub\LoupGarouMinecraftPlugin\bin\StarParty\StarListener$6.class", "Java", 0, 0, 18, 0, 0, 0, 0, 0, 0, 0, 0, 18
"c:\Users\Utilisateur\Desktop\RB\Dev\MyCodes\GitHub\LoupGarouMinecraftPlugin\bin\StarParty\StarListener$7.class", "Java", 0, 0, 18, 0, 0, 0, 0, 0, 0, 0, 0, 18
"c:\Users\Utilisateur\Desktop\RB\Dev\MyCodes\GitHub\LoupGarouMinecraftPlugin\bin\StarParty\StarListener$8.class", "Java", 0, 0, 18, 0, 0, 0, 0, 0, 0, 0, 0, 18
"c:\Users\Utilisateur\Desktop\RB\Dev\MyCodes\GitHub\LoupGarouMinecraftPlugin\bin\StarParty\StarListener$9.class", "Java", 0, 0, 14, 0, 0, 0, 0, 0, 0, 0, 1, 15
"c:\Users\Utilisateur\Desktop\RB\Dev\MyCodes\GitHub\LoupGarouMinecraftPlugin\bin\StarParty\StarListener.class", "Java", 0, 0, 110, 0, 0, 0, 0, 0, 0, 0, 0, 110
"c:\Users\Utilisateur\Desktop\RB\Dev\MyCodes\GitHub\LoupGarouMinecraftPlugin\bin\StarParty\StarParty$1.class", "Java", 0, 0, 15, 0, 0, 0, 0, 0, 0, 0, 0, 15
"c:\Users\Utilisateur\Desktop\RB\Dev\MyCodes\GitHub\LoupGarouMinecraftPlugin\bin\StarParty\StarParty.class", "Java", 0, 0, 79, 0, 0, 0, 0, 0, 0, 0, 1, 80
"c:\Users\Utilisateur\Desktop\RB\Dev\MyCodes\GitHub\LoupGarouMinecraftPlugin\bin\StarParty\StarUtil.class", "Java", 0, 0, 32, 0, 0, 0, 0, 0, 0, 0, 0, 32
"c:\Users\Utilisateur\Desktop\RB\Dev\MyCodes\GitHub\LoupGarouMinecraftPlugin\bin\WorldEditUtil\BiomeChanger.class", "Java", 0, 0, 19, 0, 0, 0, 0, 0, 0, 0, 0, 19
"c:\Users\Utilisateur\Desktop\RB\Dev\MyCodes\GitHub\LoupGarouMinecraftPlugin\bin\WorldEditUtil\EmptyWorldGenerator.class", "Java", 0, 0, 7, 0, 0, 0, 0, 0, 0, 0, 0, 7
"c:\Users\Utilisateur\Desktop\RB\Dev\MyCodes\GitHub\LoupGarouMinecraftPlugin\bin\WorldEditUtil\StructureLoader.class", "Java", 0, 0, 59, 0, 0, 0, 0, 0, 0, 1, 0, 60
"c:\Users\Utilisateur\Desktop\RB\Dev\MyCodes\GitHub\LoupGarouMinecraftPlugin\bin\fr\fitzche\flagCapture\Color.class", "Java", 0, 0, 16, 0, 0, 0, 0, 0, 0, 0, 0, 16
"c:\Users\Utilisateur\Desktop\RB\Dev\MyCodes\GitHub\LoupGarouMinecraftPlugin\bin\fr\fitzche\flagCapture\Flag.class", "Java", 0, 0, 31, 0, 0, 0, 0, 0, 0, 0, 0, 31
"c:\Users\Utilisateur\Desktop\RB\Dev\MyCodes\GitHub\LoupGarouMinecraftPlugin\bin\fr\fitzche\flagCapture\FlagTab.class", "Java", 0, 0, 14, 0, 0, 0, 0, 0, 0, 0, 0, 14
"c:\Users\Utilisateur\Desktop\RB\Dev\MyCodes\GitHub\LoupGarouMinecraftPlugin\bin\fr\fitzche\flagCapture\Main2$1.class", "Java", 0, 0, 30, 0, 0, 0, 0, 0, 0, 0, 0, 30
"c:\Users\Utilisateur\Desktop\RB\Dev\MyCodes\GitHub\LoupGarouMinecraftPlugin\bin\fr\fitzche\flagCapture\Main2.class", "Java", 0, 0, 75, 0, 0, 0, 0, 0, 0, 0, 0, 75
"c:\Users\Utilisateur\Desktop\RB\Dev\MyCodes\GitHub\LoupGarouMinecraftPlugin\bin\fr\fitzche\lgmore\Camp.class", "Java", 0, 0, 24, 0, 0, 0, 0, 0, 0, 0, 0, 24
"c:\Users\Utilisateur\Desktop\RB\Dev\MyCodes\GitHub\LoupGarouMinecraftPlugin\bin\fr\fitzche\lgmore\Game.class", "Java", 0, 0, 8, 0, 0, 0, 0, 0, 0, 0, 0, 8
"c:\Users\Utilisateur\Desktop\RB\Dev\MyCodes\GitHub\LoupGarouMinecraftPlugin\bin\fr\fitzche\lgmore\GameStatut.class", "Java", 0, 0, 11, 0, 0, 0, 0, 0, 0, 0, 0, 11
"c:\Users\Utilisateur\Desktop\RB\Dev\MyCodes\GitHub\LoupGarouMinecraftPlugin\bin\fr\fitzche\lgmore\InfinityStones\Stone.class", "Java", 0, 0, 31, 0, 0, 0, 0, 0, 0, 0, 1, 32
"c:\Users\Utilisateur\Desktop\RB\Dev\MyCodes\GitHub\LoupGarouMinecraftPlugin\bin\fr\fitzche\lgmore\InfinityStones\StonesType.class", "Java", 0, 0, 16, 0, 0, 0, 0, 0, 0, 0, 0, 16
"c:\Users\Utilisateur\Desktop\RB\Dev\MyCodes\GitHub\LoupGarouMinecraftPlugin\bin\fr\fitzche\lgmore\Lg\GameLg$1.class", "Java", 0, 0, 34, 0, 0, 0, 0, 0, 0, 0, 0, 34
"c:\Users\Utilisateur\Desktop\RB\Dev\MyCodes\GitHub\LoupGarouMinecraftPlugin\bin\fr\fitzche\lgmore\Lg\GameLg$2.class", "Java", 0, 0, 10, 0, 0, 0, 0, 0, 0, 0, 0, 10
"c:\Users\Utilisateur\Desktop\RB\Dev\MyCodes\GitHub\LoupGarouMinecraftPlugin\bin\fr\fitzche\lgmore\Lg\GameLg$3.class", "Java", 0, 0, 11, 0, 0, 0, 0, 0, 0, 0, 1, 12
"c:\Users\Utilisateur\Desktop\RB\Dev\MyCodes\GitHub\LoupGarouMinecraftPlugin\bin\fr\fitzche\lgmore\Lg\GameLg$4.class", "Java", 0, 0, 35, 0, 0, 0, 0, 0, 0, 0, 0, 35
"c:\Users\Utilisateur\Desktop\RB\Dev\MyCodes\GitHub\LoupGarouMinecraftPlugin\bin\fr\fitzche\lgmore\Lg\GameLg$5.class", "Java", 0, 0, 29, 0, 0, 0, 0, 0, 0, 0, 0, 29
"c:\Users\Utilisateur\Desktop\RB\Dev\MyCodes\GitHub\LoupGarouMinecraftPlugin\bin\fr\fitzche\lgmore\Lg\GameLg$6.class", "Java", 0, 0, 37, 0, 0, 0, 0, 0, 0, 0, 4, 41
"c:\Users\Utilisateur\Desktop\RB\Dev\MyCodes\GitHub\LoupGarouMinecraftPlugin\bin\fr\fitzche\lgmore\Lg\GameLg.class", "Java", 0, 0, 354, 0, 0, 0, 0, 0, 0, 0, 3, 357
"c:\Users\Utilisateur\Desktop\RB\Dev\MyCodes\GitHub\LoupGarouMinecraftPlugin\bin\fr\fitzche\lgmore\Lg\GameLgListener$1.class", "Java", 0, 0, 9, 0, 0, 0, 0, 0, 0, 0, 1, 10
"c:\Users\Utilisateur\Desktop\RB\Dev\MyCodes\GitHub\LoupGarouMinecraftPlugin\bin\fr\fitzche\lgmore\Lg\GameLgListener$2.class", "Java", 0, 0, 8, 0, 0, 0, 0, 0, 0, 0, 0, 8
"c:\Users\Utilisateur\Desktop\RB\Dev\MyCodes\GitHub\LoupGarouMinecraftPlugin\bin\fr\fitzche\lgmore\Lg\GameLgListener.class", "Java", 0, 0, 92, 0, 0, 0, 0, 0, 0, 0, 2, 94
"c:\Users\Utilisateur\Desktop\RB\Dev\MyCodes\GitHub\LoupGarouMinecraftPlugin\bin\fr\fitzche\lgmore\Lg\GameNote.class", "Java", 0, 0, 32, 0, 0, 0, 0, 0, 0, 0, 0, 32
"c:\Users\Utilisateur\Desktop\RB\Dev\MyCodes\GitHub\LoupGarouMinecraftPlugin\bin\fr\fitzche\lgmore\Lg\GameType.class", "Java", 0, 0, 14, 0, 0, 0, 0, 0, 0, 0, 0, 14
"c:\Users\Utilisateur\Desktop\RB\Dev\MyCodes\GitHub\LoupGarouMinecraftPlugin\bin\fr\fitzche\lgmore\Lg\PlayerNote.class", "Java", 0, 0, 9, 0, 0, 0, 0, 0, 0, 0, 0, 9
"c:\Users\Utilisateur\Desktop\RB\Dev\MyCodes\GitHub\LoupGarouMinecraftPlugin\bin\fr\fitzche\lgmore\Lg\RegisterType.class", "Java", 0, 0, 12, 0, 0, 0, 0, 0, 0, 0, 0, 12
"c:\Users\Utilisateur\Desktop\RB\Dev\MyCodes\GitHub\LoupGarouMinecraftPlugin\bin\fr\fitzche\lgmore\Lg\SpecialsBlock\AccuseBlockData.class", "Java", 0, 0, 6, 0, 0, 0, 0, 0, 0, 0, 0, 6
"c:\Users\Utilisateur\Desktop\RB\Dev\MyCodes\GitHub\LoupGarouMinecraftPlugin\bin\fr\fitzche\lgmore\Lg\SpecialsBlock\CauldronBlockData.class", "Java", 0, 0, 6, 0, 0, 0, 0, 0, 0, 0, 0, 6
"c:\Users\Utilisateur\Desktop\RB\Dev\MyCodes\GitHub\LoupGarouMinecraftPlugin\bin\fr\fitzche\lgmore\Lg\SpecialsBlock\SpecialBlock.class", "Java", 0, 0, 71, 0, 0, 0, 0, 0, 0, 0, 0, 71
"c:\Users\Utilisateur\Desktop\RB\Dev\MyCodes\GitHub\LoupGarouMinecraftPlugin\bin\fr\fitzche\lgmore\Lg\SpecialsBlock\SpecialBlockData.class", "Java", 0, 0, 2, 0, 0, 0, 0, 0, 0, 0, 0, 2
"c:\Users\Utilisateur\Desktop\RB\Dev\MyCodes\GitHub\LoupGarouMinecraftPlugin\bin\fr\fitzche\lgmore\Lg\SpecialsBlock\SpecialBlockType.class", "Java", 0, 0, 12, 0, 0, 0, 0, 0, 0, 0, 0, 12
"c:\Users\Utilisateur\Desktop\RB\Dev\MyCodes\GitHub\LoupGarouMinecraftPlugin\bin\fr\fitzche\lgmore\Lg\SpecialsBlock\StoneBlockData.class", "Java", 0, 0, 9, 0, 0, 0, 0, 0, 0, 0, 0, 9
"c:\Users\Utilisateur\Desktop\RB\Dev\MyCodes\GitHub\LoupGarouMinecraftPlugin\bin\fr\fitzche\lgmore\Lg\SpecialsBlock\TreasureBlockData.class", "Java", 0, 0, 9, 0, 0, 0, 0, 0, 0, 0, 0, 9
"c:\Users\Utilisateur\Desktop\RB\Dev\MyCodes\GitHub\LoupGarouMinecraftPlugin\bin\fr\fitzche\lgmore\Lg\SpecialsBlock\TreasureBlockType.class", "Java", 0, 0, 14, 0, 0, 0, 0, 0, 0, 0, 0, 14
"c:\Users\Utilisateur\Desktop\RB\Dev\MyCodes\GitHub\LoupGarouMinecraftPlugin\bin\fr\fitzche\lgmore\Lg\SpecialsBlock\VoteBlockData.class", "Java", 0, 0, 9, 0, 0, 0, 0, 0, 0, 0, 0, 9
"c:\Users\Utilisateur\Desktop\RB\Dev\MyCodes\GitHub\LoupGarouMinecraftPlugin\bin\fr\fitzche\lgmore\Main$1.class", "Java", 0, 0, 12, 0, 0, 0, 0, 0, 0, 0, 0, 12
"c:\Users\Utilisateur\Desktop\RB\Dev\MyCodes\GitHub\LoupGarouMinecraftPlugin\bin\fr\fitzche\lgmore\Main$2.class", "Java", 0, 0, 16, 0, 0, 0, 0, 0, 0, 0, 1, 17
"c:\Users\Utilisateur\Desktop\RB\Dev\MyCodes\GitHub\LoupGarouMinecraftPlugin\bin\fr\fitzche\lgmore\Main.class", "Java", 0, 0, 261, 0, 0, 0, 0, 0, 0, 0, 0, 261
"c:\Users\Utilisateur\Desktop\RB\Dev\MyCodes\GitHub\LoupGarouMinecraftPlugin\bin\fr\fitzche\lgmore\Minage\MinageWorld$1.class", "Java", 0, 0, 31, 0, 0, 0, 0, 0, 0, 0, 0, 31
"c:\Users\Utilisateur\Desktop\RB\Dev\MyCodes\GitHub\LoupGarouMinecraftPlugin\bin\fr\fitzche\lgmore\Minage\MinageWorld.class", "Java", 0, 0, 122, 0, 0, 0, 0, 0, 0, 139, 0, 261
"c:\Users\Utilisateur\Desktop\RB\Dev\MyCodes\GitHub\LoupGarouMinecraftPlugin\bin\fr\fitzche\lgmore\Minage\TradeInv.class", "Java", 0, 0, 70, 0, 0, 0, 0, 0, 0, 0, 0, 70
"c:\Users\Utilisateur\Desktop\RB\Dev\MyCodes\GitHub\LoupGarouMinecraftPlugin\bin\fr\fitzche\lgmore\Minage\Trades.class", "Java", 0, 0, 27, 0, 0, 0, 0, 0, 0, 0, 0, 27
"c:\Users\Utilisateur\Desktop\RB\Dev\MyCodes\GitHub\LoupGarouMinecraftPlugin\bin\fr\fitzche\lgmore\PlayerData.class", "Java", 0, 0, 75, 0, 0, 0, 0, 0, 0, 22, 0, 97
"c:\Users\Utilisateur\Desktop\RB\Dev\MyCodes\GitHub\LoupGarouMinecraftPlugin\bin\fr\fitzche\lgmore\Role.class", "Java", 0, 0, 3, 0, 0, 0, 0, 0, 0, 0, 0, 3
"c:\Users\Utilisateur\Desktop\RB\Dev\MyCodes\GitHub\LoupGarouMinecraftPlugin\bin\fr\fitzche\lgmore\RoleInstance.class", "Java", 0, 0, 14, 0, 0, 0, 0, 0, 0, 0, 0, 14
"c:\Users\Utilisateur\Desktop\RB\Dev\MyCodes\GitHub\LoupGarouMinecraftPlugin\bin\fr\fitzche\lgmore\RolesLg\ALLUMEUR.class", "Java", 0, 0, 38, 0, 0, 0, 0, 0, 0, 0, 0, 38
"c:\Users\Utilisateur\Desktop\RB\Dev\MyCodes\GitHub\LoupGarouMinecraftPlugin\bin\fr\fitzche\lgmore\RolesLg\ANCIEN.class", "Java", 0, 0, 29, 0, 0, 0, 0, 0, 0, 0, 0, 29
"c:\Users\Utilisateur\Desktop\RB\Dev\MyCodes\GitHub\LoupGarouMinecraftPlugin\bin\fr\fitzche\lgmore\RolesLg\ANGE$1.class", "Java", 0, 0, 16, 0, 0, 0, 0, 0, 0, 0, 0, 16
"c:\Users\Utilisateur\Desktop\RB\Dev\MyCodes\GitHub\LoupGarouMinecraftPlugin\bin\fr\fitzche\lgmore\RolesLg\ANGE$2.class", "Java", 0, 0, 17, 0, 0, 0, 0, 0, 0, 0, 0, 17
"c:\Users\Utilisateur\Desktop\RB\Dev\MyCodes\GitHub\LoupGarouMinecraftPlugin\bin\fr\fitzche\lgmore\RolesLg\ANGE.class", "Java", 0, 0, 59, 0, 0, 0, 0, 0, 0, 0, 1, 60
"c:\Users\Utilisateur\Desktop\RB\Dev\MyCodes\GitHub\LoupGarouMinecraftPlugin\bin\fr\fitzche\lgmore\RolesLg\ASSASSIN.class", "Java", 0, 0, 38, 0, 0, 0, 0, 0, 0, 0, 0, 38
"c:\Users\Utilisateur\Desktop\RB\Dev\MyCodes\GitHub\LoupGarouMinecraftPlugin\bin\fr\fitzche\lgmore\RolesLg\Aura.class", "Java", 0, 0, 19, 0, 0, 0, 0, 0, 0, 0, 0, 19
"c:\Users\Utilisateur\Desktop\RB\Dev\MyCodes\GitHub\LoupGarouMinecraftPlugin\bin\fr\fitzche\lgmore\RolesLg\BIENFAITEUR.class", "Java", 0, 0, 37, 0, 0, 0, 0, 0, 0, 0, 0, 37
"c:\Users\Utilisateur\Desktop\RB\Dev\MyCodes\GitHub\LoupGarouMinecraftPlugin\bin\fr\fitzche\lgmore\RolesLg\CHASSEUR.class", "Java", 0, 0, 38, 0, 0, 0, 0, 0, 0, 0, 0, 38
"c:\Users\Utilisateur\Desktop\RB\Dev\MyCodes\GitHub\LoupGarouMinecraftPlugin\bin\fr\fitzche\lgmore\RolesLg\COMEDIEN.class", "Java", 0, 0, 42, 0, 0, 0, 0, 0, 0, 0, 0, 42
"c:\Users\Utilisateur\Desktop\RB\Dev\MyCodes\GitHub\LoupGarouMinecraftPlugin\bin\fr\fitzche\lgmore\RolesLg\CORBEAU.class", "Java", 0, 0, 30, 0, 0, 0, 0, 0, 0, 0, 0, 30
"c:\Users\Utilisateur\Desktop\RB\Dev\MyCodes\GitHub\LoupGarouMinecraftPlugin\bin\fr\fitzche\lgmore\RolesLg\CUPIDON$1.class", "Java", 0, 0, 18, 0, 0, 0, 0, 0, 0, 0, 0, 18
"c:\Users\Utilisateur\Desktop\RB\Dev\MyCodes\GitHub\LoupGarouMinecraftPlugin\bin\fr\fitzche\lgmore\RolesLg\CUPIDON.class", "Java", 0, 0, 46, 0, 0, 0, 0, 0, 0, 0, 0, 46
"c:\Users\Utilisateur\Desktop\RB\Dev\MyCodes\GitHub\LoupGarouMinecraftPlugin\bin\fr\fitzche\lgmore\RolesLg\Checkers\AncienChecker.class", "Java", 0, 0, 29, 0, 0, 0, 0, 0, 0, 0, 0, 29
"c:\Users\Utilisateur\Desktop\RB\Dev\MyCodes\GitHub\LoupGarouMinecraftPlugin\bin\fr\fitzche\lgmore\RolesLg\Checkers\AngeChecker.class", "Java", 0, 0, 13, 0, 0, 0, 0, 0, 0, 0, 0, 13
"c:\Users\Utilisateur\Desktop\RB\Dev\MyCodes\GitHub\LoupGarouMinecraftPlugin\bin\fr\fitzche\lgmore\RolesLg\Checkers\Brume_Checker.class", "Java", 0, 0, 40, 0, 0, 0, 0, 0, 0, 0, 0, 40
"c:\Users\Utilisateur\Desktop\RB\Dev\MyCodes\GitHub\LoupGarouMinecraftPlugin\bin\fr\fitzche\lgmore\RolesLg\Checkers\ComedienChecker.class", "Java", 0, 0, 37, 0, 0, 0, 0, 0, 0, 0, 0, 37
"c:\Users\Utilisateur\Desktop\RB\Dev\MyCodes\GitHub\LoupGarouMinecraftPlugin\bin\fr\fitzche\lgmore\RolesLg\Checkers\EnfantChecker.class", "Java", 0, 0, 35, 0, 0, 0, 0, 0, 0, 0, 0, 35
"c:\Users\Utilisateur\Desktop\RB\Dev\MyCodes\GitHub\LoupGarouMinecraftPlugin\bin\fr\fitzche\lgmore\RolesLg\Checkers\ErmiteChecker.class", "Java", 0, 0, 31, 0, 0, 0, 0, 0, 0, 0, 0, 31
"c:\Users\Utilisateur\Desktop\RB\Dev\MyCodes\GitHub\LoupGarouMinecraftPlugin\bin\fr\fitzche\lgmore\RolesLg\Checkers\FauconChecker.class", "Java", 0, 0, 27, 0, 0, 0, 0, 0, 0, 0, 0, 27
"c:\Users\Utilisateur\Desktop\RB\Dev\MyCodes\GitHub\LoupGarouMinecraftPlugin\bin\fr\fitzche\lgmore\RolesLg\Checkers\IDV_Checker.class", "Java", 0, 0, 39, 0, 0, 0, 0, 0, 0, 0, 0, 39
"c:\Users\Utilisateur\Desktop\RB\Dev\MyCodes\GitHub\LoupGarouMinecraftPlugin\bin\fr\fitzche\lgmore\RolesLg\Checkers\LgBarbare_Checker.class", "Java", 0, 0, 26, 0, 0, 0, 0, 0, 0, 0, 0, 26
"c:\Users\Utilisateur\Desktop\RB\Dev\MyCodes\GitHub\LoupGarouMinecraftPlugin\bin\fr\fitzche\lgmore\RolesLg\Checkers\MysticChecker.class", "Java", 0, 0, 28, 0, 0, 0, 0, 0, 0, 0, 0, 28
"c:\Users\Utilisateur\Desktop\RB\Dev\MyCodes\GitHub\LoupGarouMinecraftPlugin\bin\fr\fitzche\lgmore\RolesLg\Checkers\NecroChecker.class", "Java", 0, 0, 22, 0, 0, 0, 0, 0, 0, 0, 0, 22
"c:\Users\Utilisateur\Desktop\RB\Dev\MyCodes\GitHub\LoupGarouMinecraftPlugin\bin\fr\fitzche\lgmore\RolesLg\Checkers\ParrainChecker.class", "Java", 0, 0, 28, 0, 0, 0, 0, 0, 0, 0, 0, 28
"c:\Users\Utilisateur\Desktop\RB\Dev\MyCodes\GitHub\LoupGarouMinecraftPlugin\bin\fr\fitzche\lgmore\RolesLg\Checkers\PoisonVirusChecker.class", "Java", 0, 0, 18, 0, 0, 0, 0, 0, 0, 0, 0, 18
"c:\Users\Utilisateur\Desktop\RB\Dev\MyCodes\GitHub\LoupGarouMinecraftPlugin\bin\fr\fitzche\lgmore\RolesLg\Checkers\RegisterCheck$1.class", "Java", 0, 0, 11, 0, 0, 0, 0, 0, 0, 0, 0, 11
"c:\Users\Utilisateur\Desktop\RB\Dev\MyCodes\GitHub\LoupGarouMinecraftPlugin\bin\fr\fitzche\lgmore\RolesLg\Checkers\RegisterCheck$2.class", "Java", 0, 0, 19, 0, 0, 0, 0, 0, 0, 0, 0, 19
"c:\Users\Utilisateur\Desktop\RB\Dev\MyCodes\GitHub\LoupGarouMinecraftPlugin\bin\fr\fitzche\lgmore\RolesLg\Checkers\RegisterCheck.class", "Java", 0, 0, 70, 0, 0, 0, 0, 0, 0, 0, 0, 70
"c:\Users\Utilisateur\Desktop\RB\Dev\MyCodes\GitHub\LoupGarouMinecraftPlugin\bin\fr\fitzche\lgmore\RolesLg\Checkers\SanguinaireChecker.class", "Java", 0, 0, 20, 0, 0, 0, 0, 0, 0, 0, 1, 21
"c:\Users\Utilisateur\Desktop\RB\Dev\MyCodes\GitHub\LoupGarouMinecraftPlugin\bin\fr\fitzche\lgmore\RolesLg\Checkers\SoeurChecker.class", "Java", 0, 0, 34, 0, 0, 0, 0, 0, 0, 0, 0, 34
"c:\Users\Utilisateur\Desktop\RB\Dev\MyCodes\GitHub\LoupGarouMinecraftPlugin\bin\fr\fitzche\lgmore\RolesLg\Checkers\TimeresCheck.class", "Java", 0, 0, 12, 0, 0, 0, 0, 0, 0, 0, 0, 12
"c:\Users\Utilisateur\Desktop\RB\Dev\MyCodes\GitHub\LoupGarouMinecraftPlugin\bin\fr\fitzche\lgmore\RolesLg\Checkers\TrackRes.class", "Java", 0, 0, 14, 0, 0, 0, 0, 0, 0, 0, 0, 14
"c:\Users\Utilisateur\Desktop\RB\Dev\MyCodes\GitHub\LoupGarouMinecraftPlugin\bin\fr\fitzche\lgmore\RolesLg\Checkers\VirusChecker.class", "Java", 0, 0, 38, 0, 0, 0, 0, 0, 0, 0, 1, 39
"c:\Users\Utilisateur\Desktop\RB\Dev\MyCodes\GitHub\LoupGarouMinecraftPlugin\bin\fr\fitzche\lgmore\RolesLg\Checkers\VoleurChecker.class", "Java", 0, 0, 20, 0, 0, 0, 0, 0, 0, 0, 0, 20
"c:\Users\Utilisateur\Desktop\RB\Dev\MyCodes\GitHub\LoupGarouMinecraftPlugin\bin\fr\fitzche\lgmore\RolesLg\Checkers\VoteChecker.class", "Java", 0, 0, 19, 0, 0, 0, 0, 0, 0, 0, 0, 19
"c:\Users\Utilisateur\Desktop\RB\Dev\MyCodes\GitHub\LoupGarouMinecraftPlugin\bin\fr\fitzche\lgmore\RolesLg\Checkers\craintifChecker.class", "Java", 0, 0, 32, 0, 0, 0, 0, 0, 0, 0, 0, 32
"c:\Users\Utilisateur\Desktop\RB\Dev\MyCodes\GitHub\LoupGarouMinecraftPlugin\bin\fr\fitzche\lgmore\RolesLg\Checkers\damneChecker.class", "Java", 0, 0, 15, 0, 0, 0, 0, 0, 0, 10, 0, 25
"c:\Users\Utilisateur\Desktop\RB\Dev\MyCodes\GitHub\LoupGarouMinecraftPlugin\bin\fr\fitzche\lgmore\RolesLg\Checkers\demonChecker.class", "Java", 0, 0, 27, 0, 0, 0, 0, 0, 0, 0, 0, 27
"c:\Users\Utilisateur\Desktop\RB\Dev\MyCodes\GitHub\LoupGarouMinecraftPlugin\bin\fr\fitzche\lgmore\RolesLg\Checkers\servantLgChecker.class", "Java", 0, 0, 20, 0, 0, 0, 0, 0, 0, 0, 0, 20
"c:\Users\Utilisateur\Desktop\RB\Dev\MyCodes\GitHub\LoupGarouMinecraftPlugin\bin\fr\fitzche\lgmore\RolesLg\Checkers\thierceAnge_Checker.class", "Java", 0, 0, 16, 0, 0, 0, 0, 0, 0, 0, 0, 16
"c:\Users\Utilisateur\Desktop\RB\Dev\MyCodes\GitHub\LoupGarouMinecraftPlugin\bin\fr\fitzche\lgmore\RolesLg\DAMNE.class", "Java", 0, 0, 28, 0, 0, 0, 0, 0, 0, 0, 0, 28
"c:\Users\Utilisateur\Desktop\RB\Dev\MyCodes\GitHub\LoupGarouMinecraftPlugin\bin\fr\fitzche\lgmore\RolesLg\DEMON.class", "Java", 0, 0, 57, 0, 0, 0, 0, 0, 0, 19, 0, 76
"c:\Users\Utilisateur\Desktop\RB\Dev\MyCodes\GitHub\LoupGarouMinecraftPlugin\bin\fr\fitzche\lgmore\RolesLg\DISCIPLE$1.class", "Java", 0, 0, 26, 0, 0, 0, 0, 0, 0, 0, 0, 26
"c:\Users\Utilisateur\Desktop\RB\Dev\MyCodes\GitHub\LoupGarouMinecraftPlugin\bin\fr\fitzche\lgmore\RolesLg\DISCIPLE.class", "Java", 0, 0, 48, 0, 0, 0, 0, 0, 0, 0, 0, 48
"c:\Users\Utilisateur\Desktop\RB\Dev\MyCodes\GitHub\LoupGarouMinecraftPlugin\bin\fr\fitzche\lgmore\RolesLg\ENFANT_SAUVAGE$1.class", "Java", 0, 0, 22, 0, 0, 0, 0, 0, 0, 0, 0, 22
"c:\Users\Utilisateur\Desktop\RB\Dev\MyCodes\GitHub\LoupGarouMinecraftPlugin\bin\fr\fitzche\lgmore\RolesLg\ENFANT_SAUVAGE.class", "Java", 0, 0, 45, 0, 0, 0, 0, 0, 0, 0, 0, 45
"c:\Users\Utilisateur\Desktop\RB\Dev\MyCodes\GitHub\LoupGarouMinecraftPlugin\bin\fr\fitzche\lgmore\RolesLg\ERMITE.class", "Java", 0, 0, 39, 0, 0, 0, 0, 0, 0, 0, 0, 39
"c:\Users\Utilisateur\Desktop\RB\Dev\MyCodes\GitHub\LoupGarouMinecraftPlugin\bin\fr\fitzche\lgmore\RolesLg\FAUCONNIER.class", "Java", 0, 0, 31, 0, 0, 0, 0, 0, 0, 0, 0, 31
"c:\Users\Utilisateur\Desktop\RB\Dev\MyCodes\GitHub\LoupGarouMinecraftPlugin\bin\fr\fitzche\lgmore\RolesLg\IDIOT_DU_VILLAGE.class", "Java", 0, 0, 26, 0, 0, 0, 0, 0, 0, 0, 0, 26
"c:\Users\Utilisateur\Desktop\RB\Dev\MyCodes\GitHub\LoupGarouMinecraftPlugin\bin\fr\fitzche\lgmore\RolesLg\INFECT_PERE_DES_LOUPS.class", "Java", 0, 0, 45, 0, 0, 0, 0, 0, 0, 0, 0, 45
"c:\Users\Utilisateur\Desktop\RB\Dev\MyCodes\GitHub\LoupGarouMinecraftPlugin\bin\fr\fitzche\lgmore\RolesLg\INTERPRETE$1.class", "Java", 0, 0, 11, 0, 0, 0, 0, 0, 0, 0, 0, 11
"c:\Users\Utilisateur\Desktop\RB\Dev\MyCodes\GitHub\LoupGarouMinecraftPlugin\bin\fr\fitzche\lgmore\RolesLg\INTERPRETE$2.class", "Java", 0, 0, 34, 0, 0, 0, 0, 0, 0, 0, 1, 35
"c:\Users\Utilisateur\Desktop\RB\Dev\MyCodes\GitHub\LoupGarouMinecraftPlugin\bin\fr\fitzche\lgmore\RolesLg\INTERPRETE.class", "Java", 0, 0, 41, 0, 0, 0, 0, 0, 0, 8, 0, 49
"c:\Users\Utilisateur\Desktop\RB\Dev\MyCodes\GitHub\LoupGarouMinecraftPlugin\bin\fr\fitzche\lgmore\RolesLg\Infections\Virus$1.class", "Java", 0, 0, 14, 0, 0, 0, 0, 0, 0, 0, 0, 14
"c:\Users\Utilisateur\Desktop\RB\Dev\MyCodes\GitHub\LoupGarouMinecraftPlugin\bin\fr\fitzche\lgmore\RolesLg\Infections\Virus$2.class", "Java", 0, 0, 11, 0, 0, 0, 0, 0, 0, 0, 0, 11
"c:\Users\Utilisateur\Desktop\RB\Dev\MyCodes\GitHub\LoupGarouMinecraftPlugin\bin\fr\fitzche\lgmore\RolesLg\Infections\Virus$3.class", "Java", 0, 0, 12, 0, 0, 0, 0, 0, 0, 0, 0, 12
"c:\Users\Utilisateur\Desktop\RB\Dev\MyCodes\GitHub\LoupGarouMinecraftPlugin\bin\fr\fitzche\lgmore\RolesLg\Infections\Virus$4.class", "Java", 0, 0, 12, 0, 0, 0, 0, 0, 0, 0, 0, 12
"c:\Users\Utilisateur\Desktop\RB\Dev\MyCodes\GitHub\LoupGarouMinecraftPlugin\bin\fr\fitzche\lgmore\RolesLg\Infections\Virus$5.class", "Java", 0, 0, 9, 0, 0, 0, 0, 0, 0, 0, 0, 9
"c:\Users\Utilisateur\Desktop\RB\Dev\MyCodes\GitHub\LoupGarouMinecraftPlugin\bin\fr\fitzche\lgmore\RolesLg\Infections\Virus$6.class", "Java", 0, 0, 28, 0, 0, 0, 0, 0, 0, 0, 0, 28
"c:\Users\Utilisateur\Desktop\RB\Dev\MyCodes\GitHub\LoupGarouMinecraftPlugin\bin\fr\fitzche\lgmore\RolesLg\Infections\Virus.class", "Java", 0, 0, 55, 0, 0, 0, 0, 0, 0, 0, 0, 55
"c:\Users\Utilisateur\Desktop\RB\Dev\MyCodes\GitHub\LoupGarouMinecraftPlugin\bin\fr\fitzche\lgmore\RolesLg\Infections\VirusType.class", "Java", 0, 0, 11, 0, 0, 0, 0, 0, 0, 0, 0, 11
"c:\Users\Utilisateur\Desktop\RB\Dev\MyCodes\GitHub\LoupGarouMinecraftPlugin\bin\fr\fitzche\lgmore\RolesLg\LOUP_ALCHIMISTE.class", "Java", 0, 0, 62, 0, 0, 0, 0, 0, 0, 0, 2, 64
"c:\Users\Utilisateur\Desktop\RB\Dev\MyCodes\GitHub\LoupGarouMinecraftPlugin\bin\fr\fitzche\lgmore\RolesLg\LOUP_BARBARE.class", "Java", 0, 0, 26, 0, 0, 0, 0, 0, 0, 0, 0, 26
"c:\Users\Utilisateur\Desktop\RB\Dev\MyCodes\GitHub\LoupGarouMinecraftPlugin\bin\fr\fitzche\lgmore\RolesLg\LOUP_BRUMEUX.class", "Java", 0, 0, 37, 0, 0, 0, 0, 0, 0, 0, 0, 37
"c:\Users\Utilisateur\Desktop\RB\Dev\MyCodes\GitHub\LoupGarouMinecraftPlugin\bin\fr\fitzche\lgmore\RolesLg\LOUP_CRAINTIF.class", "Java", 0, 0, 45, 0, 0, 0, 0, 0, 0, 0, 0, 45
"c:\Users\Utilisateur\Desktop\RB\Dev\MyCodes\GitHub\LoupGarouMinecraftPlugin\bin\fr\fitzche\lgmore\RolesLg\LOUP_GRIMEUR.class", "Java", 0, 0, 39, 0, 0, 0, 0, 0, 0, 0, 0, 39
"c:\Users\Utilisateur\Desktop\RB\Dev\MyCodes\GitHub\LoupGarouMinecraftPlugin\bin\fr\fitzche\lgmore\RolesLg\LOUP_HURLEUR.class", "Java", 0, 0, 37, 0, 0, 0, 0, 0, 0, 7, 0, 44
"c:\Users\Utilisateur\Desktop\RB\Dev\MyCodes\GitHub\LoupGarouMinecraftPlugin\bin\fr\fitzche\lgmore\RolesLg\LOUP_MANIPULATEUR.class", "Java", 0, 0, 40, 0, 0, 0, 0, 0, 0, 0, 0, 40
"c:\Users\Utilisateur\Desktop\RB\Dev\MyCodes\GitHub\LoupGarouMinecraftPlugin\bin\fr\fitzche\lgmore\RolesLg\LOUP_METAMORPHE.class", "Java", 0, 0, 28, 0, 0, 0, 0, 0, 0, 0, 0, 28
"c:\Users\Utilisateur\Desktop\RB\Dev\MyCodes\GitHub\LoupGarouMinecraftPlugin\bin\fr\fitzche\lgmore\RolesLg\LOUP_MYSTIQUE.class", "Java", 0, 0, 38, 0, 0, 0, 0, 0, 0, 0, 0, 38
"c:\Users\Utilisateur\Desktop\RB\Dev\MyCodes\GitHub\LoupGarouMinecraftPlugin\bin\fr\fitzche\lgmore\RolesLg\LOUP_SANGUINAIRE.class", "Java", 0, 0, 33, 0, 0, 0, 0, 0, 0, 0, 0, 33
"c:\Users\Utilisateur\Desktop\RB\Dev\MyCodes\GitHub\LoupGarouMinecraftPlugin\bin\fr\fitzche\lgmore\RolesLg\MONTREUR.class", "Java", 0, 0, 43, 0, 0, 0, 0, 0, 0, 0, 1, 44
"c:\Users\Utilisateur\Desktop\RB\Dev\MyCodes\GitHub\LoupGarouMinecraftPlugin\bin\fr\fitzche\lgmore\RolesLg\NECROMANCIEN.class", "Java", 0, 0, 26, 0, 0, 0, 0, 0, 0, 0, 0, 26
"c:\Users\Utilisateur\Desktop\RB\Dev\MyCodes\GitHub\LoupGarouMinecraftPlugin\bin\fr\fitzche\lgmore\RolesLg\NEGOCIATEUR.class", "Java", 0, 0, 30, 0, 0, 0, 0, 0, 0, 7, 0, 37
"c:\Users\Utilisateur\Desktop\RB\Dev\MyCodes\GitHub\LoupGarouMinecraftPlugin\bin\fr\fitzche\lgmore\RolesLg\PARRAIN.class", "Java", 0, 0, 50, 0, 0, 0, 0, 0, 0, 0, 0, 50
"c:\Users\Utilisateur\Desktop\RB\Dev\MyCodes\GitHub\LoupGarouMinecraftPlugin\bin\fr\fitzche\lgmore\RolesLg\PERFIDE$1.class", "Java", 0, 0, 10, 0, 0, 0, 0, 0, 0, 0, 0, 10
"c:\Users\Utilisateur\Desktop\RB\Dev\MyCodes\GitHub\LoupGarouMinecraftPlugin\bin\fr\fitzche\lgmore\RolesLg\PERFIDE.class", "Java", 0, 0, 36, 0, 0, 0, 0, 0, 0, 0, 0, 36
"c:\Users\Utilisateur\Desktop\RB\Dev\MyCodes\GitHub\LoupGarouMinecraftPlugin\bin\fr\fitzche\lgmore\RolesLg\PETITE_FILLE$1.class", "Java", 0, 0, 10, 0, 0, 0, 0, 0, 0, 0, 0, 10
"c:\Users\Utilisateur\Desktop\RB\Dev\MyCodes\GitHub\LoupGarouMinecraftPlugin\bin\fr\fitzche\lgmore\RolesLg\PETITE_FILLE.class", "Java", 0, 0, 36, 0, 0, 0, 0, 0, 0, 0, 0, 36
"c:\Users\Utilisateur\Desktop\RB\Dev\MyCodes\GitHub\LoupGarouMinecraftPlugin\bin\fr\fitzche\lgmore\RolesLg\PYROMANE$1.class", "Java", 0, 0, 11, 0, 0, 0, 0, 0, 0, 0, 0, 11
"c:\Users\Utilisateur\Desktop\RB\Dev\MyCodes\GitHub\LoupGarouMinecraftPlugin\bin\fr\fitzche\lgmore\RolesLg\PYROMANE.class", "Java", 0, 0, 57, 0, 0, 0, 0, 0, 0, 0, 0, 57
"c:\Users\Utilisateur\Desktop\RB\Dev\MyCodes\GitHub\LoupGarouMinecraftPlugin\bin\fr\fitzche\lgmore\RolesLg\RENARD.class", "Java", 0, 0, 53, 0, 0, 0, 0, 0, 0, 0, 0, 53
"c:\Users\Utilisateur\Desktop\RB\Dev\MyCodes\GitHub\LoupGarouMinecraftPlugin\bin\fr\fitzche\lgmore\RolesLg\RoleDisplay.class", "Java", 0, 0, 25, 0, 0, 0, 0, 0, 0, 0, 0, 25
"c:\Users\Utilisateur\Desktop\RB\Dev\MyCodes\GitHub\LoupGarouMinecraftPlugin\bin\fr\fitzche\lgmore\RolesLg\RolesLg.class", "Java", 0, 0, 162, 0, 0, 0, 0, 0, 0, 0, 0, 162
"c:\Users\Utilisateur\Desktop\RB\Dev\MyCodes\GitHub\LoupGarouMinecraftPlugin\bin\fr\fitzche\lgmore\RolesLg\SAGE.class", "Java", 0, 0, 27, 0, 0, 0, 0, 0, 0, 8, 1, 36
"c:\Users\Utilisateur\Desktop\RB\Dev\MyCodes\GitHub\LoupGarouMinecraftPlugin\bin\fr\fitzche\lgmore\RolesLg\SALVATEUR.class", "Java", 0, 0, 45, 0, 0, 0, 0, 0, 0, 0, 0, 45
"c:\Users\Utilisateur\Desktop\RB\Dev\MyCodes\GitHub\LoupGarouMinecraftPlugin\bin\fr\fitzche\lgmore\RolesLg\SIMPLE_VILLAGER.class", "Java", 0, 0, 27, 0, 0, 0, 0, 0, 0, 0, 0, 27
"c:\Users\Utilisateur\Desktop\RB\Dev\MyCodes\GitHub\LoupGarouMinecraftPlugin\bin\fr\fitzche\lgmore\RolesLg\SIMPLE_WOLF.class", "Java", 0, 0, 31, 0, 0, 0, 0, 0, 0, 0, 0, 31
"c:\Users\Utilisateur\Desktop\RB\Dev\MyCodes\GitHub\LoupGarouMinecraftPlugin\bin\fr\fitzche\lgmore\RolesLg\SOEUR.class", "Java", 0, 0, 40, 0, 0, 0, 0, 0, 0, 0, 0, 40
"c:\Users\Utilisateur\Desktop\RB\Dev\MyCodes\GitHub\LoupGarouMinecraftPlugin\bin\fr\fitzche\lgmore\RolesLg\SORCIER.class", "Java", 0, 0, 34, 0, 0, 0, 0, 0, 0, 0, 0, 34
"c:\Users\Utilisateur\Desktop\RB\Dev\MyCodes\GitHub\LoupGarouMinecraftPlugin\bin\fr\fitzche\lgmore\RolesLg\SORCIERE.class", "Java", 0, 0, 50, 0, 0, 0, 0, 0, 0, 0, 0, 50
"c:\Users\Utilisateur\Desktop\RB\Dev\MyCodes\GitHub\LoupGarouMinecraftPlugin\bin\fr\fitzche\lgmore\RolesLg\SWAPPER.class", "Java", 0, 0, 28, 0, 0, 0, 0, 0, 0, 0, 0, 28
"c:\Users\Utilisateur\Desktop\RB\Dev\MyCodes\GitHub\LoupGarouMinecraftPlugin\bin\fr\fitzche\lgmore\RolesLg\Servant_des_loups.class", "Java", 0, 0, 33, 0, 0, 0, 0, 0, 0, 0, 0, 33
"c:\Users\Utilisateur\Desktop\RB\Dev\MyCodes\GitHub\LoupGarouMinecraftPlugin\bin\fr\fitzche\lgmore\RolesLg\THANOS.class", "Java", 0, 0, 43, 0, 0, 0, 0, 0, 0, 0, 0, 43
"c:\Users\Utilisateur\Desktop\RB\Dev\MyCodes\GitHub\LoupGarouMinecraftPlugin\bin\fr\fitzche\lgmore\RolesLg\THIERCE_ANGE.class", "Java", 0, 0, 33, 0, 0, 0, 0, 0, 0, 0, 0, 33
"c:\Users\Utilisateur\Desktop\RB\Dev\MyCodes\GitHub\LoupGarouMinecraftPlugin\bin\fr\fitzche\lgmore\RolesLg\TRAQUEUR.class", "Java", 0, 0, 40, 0, 0, 0, 0, 0, 0, 0, 0, 40
"c:\Users\Utilisateur\Desktop\RB\Dev\MyCodes\GitHub\LoupGarouMinecraftPlugin\bin\fr\fitzche\lgmore\RolesLg\VOLEUR.class", "Java", 0, 0, 40, 0, 0, 0, 0, 0, 0, 0, 0, 40
"c:\Users\Utilisateur\Desktop\RB\Dev\MyCodes\GitHub\LoupGarouMinecraftPlugin\bin\fr\fitzche\lgmore\RolesLg\VOYANTE$1.class", "Java", 0, 0, 8, 0, 0, 0, 0, 0, 0, 0, 0, 8
"c:\Users\Utilisateur\Desktop\RB\Dev\MyCodes\GitHub\LoupGarouMinecraftPlugin\bin\fr\fitzche\lgmore\RolesLg\VOYANTE.class", "Java", 0, 0, 42, 0, 0, 0, 0, 0, 0, 0, 0, 42
"c:\Users\Utilisateur\Desktop\RB\Dev\MyCodes\GitHub\LoupGarouMinecraftPlugin\bin\fr\fitzche\lgmore\Timer.class", "Java", 0, 0, 32, 0, 0, 0, 0, 0, 0, 0, 0, 32
"c:\Users\Utilisateur\Desktop\RB\Dev\MyCodes\GitHub\LoupGarouMinecraftPlugin\bin\fr\fitzche\lgmore\Util\CommandUtil.class", "Java", 0, 0, 18, 0, 0, 0, 0, 0, 0, 0, 0, 18
"c:\Users\Utilisateur\Desktop\RB\Dev\MyCodes\GitHub\LoupGarouMinecraftPlugin\bin\fr\fitzche\lgmore\Util\GameLgUtil.class", "Java", 0, 0, 69, 0, 0, 0, 0, 0, 0, 0, 0, 69
"c:\Users\Utilisateur\Desktop\RB\Dev\MyCodes\GitHub\LoupGarouMinecraftPlugin\bin\fr\fitzche\lgmore\Util\HealthSyncer.class", "Java", 0, 0, 18, 0, 0, 0, 0, 0, 0, 0, 0, 18
"c:\Users\Utilisateur\Desktop\RB\Dev\MyCodes\GitHub\LoupGarouMinecraftPlugin\bin\fr\fitzche\lgmore\Util\InventoryUtil.class", "Java", 0, 0, 25, 0, 0, 0, 0, 0, 0, 0, 0, 25
"c:\Users\Utilisateur\Desktop\RB\Dev\MyCodes\GitHub\LoupGarouMinecraftPlugin\bin\fr\fitzche\lgmore\Util\ItemUtil.class", "Java", 0, 0, 57, 0, 0, 0, 0, 0, 0, 0, 0, 57
"c:\Users\Utilisateur\Desktop\RB\Dev\MyCodes\GitHub\LoupGarouMinecraftPlugin\bin\fr\fitzche\lgmore\Util\LineLocationHelper.class", "Java", 0, 0, 54, 0, 0, 0, 0, 0, 0, 0, 0, 54
"c:\Users\Utilisateur\Desktop\RB\Dev\MyCodes\GitHub\LoupGarouMinecraftPlugin\bin\fr\fitzche\lgmore\Util\LineRapport.class", "Java", 0, 0, 7, 0, 0, 0, 0, 0, 0, 0, 0, 7
"c:\Users\Utilisateur\Desktop\RB\Dev\MyCodes\GitHub\LoupGarouMinecraftPlugin\bin\fr\fitzche\lgmore\Util\LocationUtil.class", "Java", 0, 0, 63, 0, 0, 0, 0, 0, 0, 0, 0, 63
"c:\Users\Utilisateur\Desktop\RB\Dev\MyCodes\GitHub\LoupGarouMinecraftPlugin\bin\fr\fitzche\lgmore\Util\MathUtil.class", "Java", 0, 0, 30, 0, 0, 0, 0, 0, 0, 0, 0, 30
"c:\Users\Utilisateur\Desktop\RB\Dev\MyCodes\GitHub\LoupGarouMinecraftPlugin\bin\fr\fitzche\lgmore\Util\MyStringUtil.class", "Java", 0, 0, 15, 0, 0, 0, 0, 0, 0, 0, 0, 15
"c:\Users\Utilisateur\Desktop\RB\Dev\MyCodes\GitHub\LoupGarouMinecraftPlugin\bin\fr\fitzche\lgmore\Util\PlayerUtil.class", "Java", 0, 0, 62, 0, 0, 0, 0, 0, 0, 0, 0, 62
"c:\Users\Utilisateur\Desktop\RB\Dev\MyCodes\GitHub\LoupGarouMinecraftPlugin\bin\fr\fitzche\lgmore\Util\PotionUtil.class", "Java", 0, 0, 12, 0, 0, 0, 0, 0, 0, 0, 0, 12
"c:\Users\Utilisateur\Desktop\RB\Dev\MyCodes\GitHub\LoupGarouMinecraftPlugin\bin\fr\fitzche\lgmore\Util\Registre.class", "Java", 0, 0, 8, 0, 0, 0, 0, 0, 0, 0, 0, 8
"c:\Users\Utilisateur\Desktop\RB\Dev\MyCodes\GitHub\LoupGarouMinecraftPlugin\bin\fr\fitzche\lgmore\Util\RoleUtil.class", "Java", 0, 0, 108, 0, 0, 0, 0, 0, 0, 0, 0, 108
"c:\Users\Utilisateur\Desktop\RB\Dev\MyCodes\GitHub\LoupGarouMinecraftPlugin\bin\fr\fitzche\lgmore\Util\VoteEvent.class", "Java", 0, 0, 10, 0, 0, 0, 0, 0, 0, 0, 0, 10
"c:\Users\Utilisateur\Desktop\RB\Dev\MyCodes\GitHub\LoupGarouMinecraftPlugin\bin\fr\fitzche\lgmore\Util\WorldUtil.class", "Java", 0, 0, 32, 0, 0, 0, 0, 0, 0, 0, 0, 32
"c:\Users\Utilisateur\Desktop\RB\Dev\MyCodes\GitHub\LoupGarouMinecraftPlugin\bin\fr\fitzche\lgmore\bedwars\BedListener.class", "Java", 0, 0, 89, 0, 0, 0, 0, 0, 0, 0, 0, 89
"c:\Users\Utilisateur\Desktop\RB\Dev\MyCodes\GitHub\LoupGarouMinecraftPlugin\bin\fr\fitzche\lgmore\bedwars\BedLoc.class", "Java", 0, 0, 9, 0, 0, 0, 0, 0, 0, 0, 0, 9
"c:\Users\Utilisateur\Desktop\RB\Dev\MyCodes\GitHub\LoupGarouMinecraftPlugin\bin\fr\fitzche\lgmore\bedwars\BedLocType.class", "Java", 0, 0, 19, 0, 0, 0, 0, 0, 0, 0, 0, 19
"c:\Users\Utilisateur\Desktop\RB\Dev\MyCodes\GitHub\LoupGarouMinecraftPlugin\bin\fr\fitzche\lgmore\bedwars\BedTeam.class", "Java", 0, 0, 49, 0, 0, 0, 0, 0, 0, 0, 0, 49
"c:\Users\Utilisateur\Desktop\RB\Dev\MyCodes\GitHub\LoupGarouMinecraftPlugin\bin\fr\fitzche\lgmore\bedwars\BedWarMap.class", "Java", 0, 0, 11, 0, 0, 0, 0, 0, 0, 0, 0, 11
"c:\Users\Utilisateur\Desktop\RB\Dev\MyCodes\GitHub\LoupGarouMinecraftPlugin\bin\fr\fitzche\lgmore\bedwars\Bedwars$1.class", "Java", 0, 0, 16, 0, 0, 0, 0, 0, 0, 0, 0, 16
"c:\Users\Utilisateur\Desktop\RB\Dev\MyCodes\GitHub\LoupGarouMinecraftPlugin\bin\fr\fitzche\lgmore\bedwars\Bedwars$2.class", "Java", 0, 0, 11, 0, 0, 0, 0, 0, 0, 0, 0, 11
"c:\Users\Utilisateur\Desktop\RB\Dev\MyCodes\GitHub\LoupGarouMinecraftPlugin\bin\fr\fitzche\lgmore\bedwars\Bedwars.class", "Java", 0, 0, 80, 0, 0, 0, 0, 0, 0, 17, 0, 97
"c:\Users\Utilisateur\Desktop\RB\Dev\MyCodes\GitHub\LoupGarouMinecraftPlugin\bin\fr\fitzche\lgmore\bedwars\CW.class", "Java", 0, 0, 17, 0, 0, 0, 0, 0, 0, 0, 0, 17
"c:\Users\Utilisateur\Desktop\RB\Dev\MyCodes\GitHub\LoupGarouMinecraftPlugin\bin\fr\fitzche\lgmore\clocktower\ClockCommand.class", "Java", 0, 0, 23, 0, 0, 0, 0, 0, 0, 0, 0, 23
"c:\Users\Utilisateur\Desktop\RB\Dev\MyCodes\GitHub\LoupGarouMinecraftPlugin\bin\fr\fitzche\lgmore\clocktower\ClockListGenerator.class", "Java", 0, 0, 10, 0, 0, 0, 0, 0, 0, 0, 0, 10
"c:\Users\Utilisateur\Desktop\RB\Dev\MyCodes\GitHub\LoupGarouMinecraftPlugin\bin\fr\fitzche\lgmore\clocktower\ClockRole.class", "Java", 0, 0, 16, 0, 0, 0, 0, 0, 0, 0, 0, 16
"c:\Users\Utilisateur\Desktop\RB\Dev\MyCodes\GitHub\LoupGarouMinecraftPlugin\bin\fr\fitzche\lgmore\clocktower\ClockRoleData.class", "Java", 0, 0, 4, 0, 0, 0, 0, 0, 0, 0, 0, 4
"c:\Users\Utilisateur\Desktop\RB\Dev\MyCodes\GitHub\LoupGarouMinecraftPlugin\bin\fr\fitzche\lgmore\clocktower\ClockRoleSet.class", "Java", 0, 0, 15, 0, 0, 0, 0, 0, 0, 0, 0, 15
"c:\Users\Utilisateur\Desktop\RB\Dev\MyCodes\GitHub\LoupGarouMinecraftPlugin\bin\fr\fitzche\lgmore\clocktower\ClockTower$1.class", "Java", 0, 0, 13, 0, 0, 0, 0, 0, 0, 4, 0, 17
"c:\Users\Utilisateur\Desktop\RB\Dev\MyCodes\GitHub\LoupGarouMinecraftPlugin\bin\fr\fitzche\lgmore\clocktower\ClockTower.class", "Java", 0, 0, 59, 0, 0, 0, 0, 0, 0, 0, 0, 59
"c:\Users\Utilisateur\Desktop\RB\Dev\MyCodes\GitHub\LoupGarouMinecraftPlugin\bin\fr\fitzche\lgmore\clocktower\EvilData.class", "Java", 0, 0, 13, 0, 0, 0, 0, 0, 0, 0, 0, 13
"c:\Users\Utilisateur\Desktop\RB\Dev\MyCodes\GitHub\LoupGarouMinecraftPlugin\bin\fr\fitzche\lgmore\commands\FutureAction.class", "Java", 0, 0, 7, 0, 0, 0, 0, 0, 0, 0, 0, 7
"c:\Users\Utilisateur\Desktop\RB\Dev\MyCodes\GitHub\LoupGarouMinecraftPlugin\bin\fr\fitzche\lgmore\commands\Hub.class", "Java", 0, 0, 28, 0, 0, 0, 0, 0, 0, 0, 0, 28
"c:\Users\Utilisateur\Desktop\RB\Dev\MyCodes\GitHub\LoupGarouMinecraftPlugin\bin\fr\fitzche\lgmore\commands\Lg.class", "Java", 0, 0, 184, 0, 0, 0, 0, 0, 0, 0, 0, 184
"c:\Users\Utilisateur\Desktop\RB\Dev\MyCodes\GitHub\LoupGarouMinecraftPlugin\bin\fr\fitzche\lgmore\commands\LgTab.class", "Java", 0, 0, 38, 0, 0, 0, 0, 0, 0, 0, 0, 38
"c:\Users\Utilisateur\Desktop\RB\Dev\MyCodes\GitHub\LoupGarouMinecraftPlugin\bin\fr\fitzche\lgmore\commands\Lga$1.class", "Java", 0, 0, 8, 0, 0, 0, 0, 0, 0, 0, 0, 8
"c:\Users\Utilisateur\Desktop\RB\Dev\MyCodes\GitHub\LoupGarouMinecraftPlugin\bin\fr\fitzche\lgmore\commands\Lga$2.class", "Java", 0, 0, 8, 0, 0, 0, 0, 0, 0, 0, 0, 8
"c:\Users\Utilisateur\Desktop\RB\Dev\MyCodes\GitHub\LoupGarouMinecraftPlugin\bin\fr\fitzche\lgmore\commands\Lga.class", "Java", 0, 0, 263, 0, 0, 0, 0, 0, 0, 0, 12, 275
"c:\Users\Utilisateur\Desktop\RB\Dev\MyCodes\GitHub\LoupGarouMinecraftPlugin\bin\fr\fitzche\lgmore\commands\Rejoin.class", "Java", 0, 0, 11, 0, 0, 0, 0, 0, 0, 0, 0, 11
"c:\Users\Utilisateur\Desktop\RB\Dev\MyCodes\GitHub\LoupGarouMinecraftPlugin\bin\fr\fitzche\lgmore\commands\SpecialItemHolder$SpecialItemType.class", "Java", 0, 0, 12, 0, 0, 0, 0, 0, 0, 0, 0, 12
"c:\Users\Utilisateur\Desktop\RB\Dev\MyCodes\GitHub\LoupGarouMinecraftPlugin\bin\fr\fitzche\lgmore\commands\SpecialItemHolder.class", "Java", 0, 0, 52, 0, 0, 0, 0, 0, 0, 0, 0, 52
"c:\Users\Utilisateur\Desktop\RB\Dev\MyCodes\GitHub\LoupGarouMinecraftPlugin\bin\fr\fitzche\lgmore\commands\Star.class", "Java", 0, 0, 50, 0, 0, 0, 0, 0, 0, 0, 0, 50
"c:\Users\Utilisateur\Desktop\RB\Dev\MyCodes\GitHub\LoupGarouMinecraftPlugin\bin\fr\fitzche\lgmore\custom\CustomGame$1.class", "Java", 0, 0, 15, 0, 0, 0, 0, 0, 0, 0, 0, 15
"c:\Users\Utilisateur\Desktop\RB\Dev\MyCodes\GitHub\LoupGarouMinecraftPlugin\bin\fr\fitzche\lgmore\custom\CustomGame$2.class", "Java", 0, 0, 25, 0, 0, 0, 0, 0, 0, 0, 0, 25
"c:\Users\Utilisateur\Desktop\RB\Dev\MyCodes\GitHub\LoupGarouMinecraftPlugin\bin\fr\fitzche\lgmore\custom\CustomGame.class", "Java", 0, 0, 52, 0, 0, 0, 0, 0, 0, 0, 0, 52
"c:\Users\Utilisateur\Desktop\RB\Dev\MyCodes\GitHub\LoupGarouMinecraftPlugin\bin\fr\fitzche\lgmore\custom\CustomGameDataSet.class", "Java", 0, 0, 12, 0, 0, 0, 0, 0, 0, 1, 0, 13
"c:\Users\Utilisateur\Desktop\RB\Dev\MyCodes\GitHub\LoupGarouMinecraftPlugin\bin\fr\fitzche\lgmore\custom\CustomGameType.class", "Java", 0, 0, 29, 0, 0, 0, 0, 0, 0, 0, 0, 29
"c:\Users\Utilisateur\Desktop\RB\Dev\MyCodes\GitHub\LoupGarouMinecraftPlugin\bin\fr\fitzche\lgmore\custom\CustomParam.class", "Java", 0, 0, 2, 0, 0, 0, 0, 0, 0, 0, 0, 2
"c:\Users\Utilisateur\Desktop\RB\Dev\MyCodes\GitHub\LoupGarouMinecraftPlugin\bin\fr\fitzche\lgmore\custom\CustomRole.class", "Java", 0, 0, 6, 0, 0, 0, 0, 0, 0, 0, 0, 6
"c:\Users\Utilisateur\Desktop\RB\Dev\MyCodes\GitHub\LoupGarouMinecraftPlugin\bin\fr\fitzche\lgmore\custom\CustomTimer.class", "Java", 0, 0, 29, 0, 0, 0, 0, 0, 0, 0, 0, 29
"c:\Users\Utilisateur\Desktop\RB\Dev\MyCodes\GitHub\LoupGarouMinecraftPlugin\bin\fr\fitzche\lgmore\custom\RoleSet.class", "Java", 0, 0, 5, 0, 0, 0, 0, 0, 0, 0, 0, 5
"c:\Users\Utilisateur\Desktop\RB\Dev\MyCodes\GitHub\LoupGarouMinecraftPlugin\bin\fr\fitzche\lgmore\minecraft\GameListener.class", "Java", 0, 0, 5, 0, 0, 0, 0, 0, 0, 0, 0, 5
"c:\Users\Utilisateur\Desktop\RB\Dev\MyCodes\GitHub\LoupGarouMinecraftPlugin\bin\fr\fitzche\lgmore\minecraft\PlayerDataLeft.class", "Java", 0, 0, 11, 0, 0, 0, 0, 0, 0, 0, 0, 11
"c:\Users\Utilisateur\Desktop\RB\Dev\MyCodes\GitHub\LoupGarouMinecraftPlugin\bin\fr\fitzche\lgmore\minecraft\ResCheck.class", "Java", 0, 0, 5, 0, 0, 0, 0, 0, 0, 0, 0, 5
"c:\Users\Utilisateur\Desktop\RB\Dev\MyCodes\GitHub\LoupGarouMinecraftPlugin\bin\fr\fitzche\lgmore\minecraft\mcListeners$1.class", "Java", 0, 0, 11, 0, 0, 0, 0, 0, 0, 0, 0, 11
"c:\Users\Utilisateur\Desktop\RB\Dev\MyCodes\GitHub\LoupGarouMinecraftPlugin\bin\fr\fitzche\lgmore\minecraft\mcListeners.class", "Java", 0, 0, 348, 0, 0, 0, 0, 0, 0, 0, 5, 353
"c:\Users\Utilisateur\Desktop\RB\Dev\MyCodes\GitHub\LoupGarouMinecraftPlugin\bin\fr\fitzche\lgmore\scoreboard\BedBoard.class", "Java", 0, 0, 24, 0, 0, 0, 0, 0, 0, 0, 0, 24
"c:\Users\Utilisateur\Desktop\RB\Dev\MyCodes\GitHub\LoupGarouMinecraftPlugin\bin\fr\fitzche\lgmore\scoreboard\CustomGameBoard.class", "Java", 0, 0, 20, 0, 0, 0, 0, 0, 0, 0, 0, 20
"c:\Users\Utilisateur\Desktop\RB\Dev\MyCodes\GitHub\LoupGarouMinecraftPlugin\bin\fr\fitzche\lgmore\scoreboard\DefaultBoard.class", "Java", 0, 0, 13, 0, 0, 0, 0, 0, 0, 0, 0, 13
"c:\Users\Utilisateur\Desktop\RB\Dev\MyCodes\GitHub\LoupGarouMinecraftPlugin\bin\fr\fitzche\lgmore\scoreboard\GameBoard.class", "Java", 0, 0, 2, 0, 0, 0, 0, 0, 0, 0, 0, 2
"c:\Users\Utilisateur\Desktop\RB\Dev\MyCodes\GitHub\LoupGarouMinecraftPlugin\bin\fr\fitzche\lgmore\scoreboard\Inventory\CompoDisplay.class", "Java", 0, 0, 60, 0, 0, 0, 0, 0, 0, 0, 0, 60
"c:\Users\Utilisateur\Desktop\RB\Dev\MyCodes\GitHub\LoupGarouMinecraftPlugin\bin\fr\fitzche\lgmore\scoreboard\Inventory\ConfigDisplay.class", "Java", 0, 0, 62, 0, 0, 0, 0, 0, 0, 0, 1, 63
"c:\Users\Utilisateur\Desktop\RB\Dev\MyCodes\GitHub\LoupGarouMinecraftPlugin\bin\fr\fitzche\lgmore\scoreboard\Inventory\DisplayMenu.class", "Java", 0, 0, 62, 0, 0, 0, 0, 0, 0, 0, 0, 62
"c:\Users\Utilisateur\Desktop\RB\Dev\MyCodes\GitHub\LoupGarouMinecraftPlugin\bin\fr\fitzche\lgmore\scoreboard\Inventory\EventDisplay.class", "Java", 0, 0, 71, 0, 0, 0, 0, 0, 0, 0, 0, 71
"c:\Users\Utilisateur\Desktop\RB\Dev\MyCodes\GitHub\LoupGarouMinecraftPlugin\bin\fr\fitzche\lgmore\scoreboard\Inventory\GameTypeChoose.class", "Java", 0, 0, 32, 0, 0, 0, 0, 0, 0, 0, 0, 32
"c:\Users\Utilisateur\Desktop\RB\Dev\MyCodes\GitHub\LoupGarouMinecraftPlugin\bin\fr\fitzche\lgmore\scoreboard\Inventory\GeneralMenu$1.class", "Java", 0, 0, 13, 0, 0, 0, 0, 0, 0, 0, 0, 13
"c:\Users\Utilisateur\Desktop\RB\Dev\MyCodes\GitHub\LoupGarouMinecraftPlugin\bin\fr\fitzche\lgmore\scoreboard\Inventory\GeneralMenu.class", "Java", 0, 0, 62, 0, 0, 0, 0, 0, 0, 0, 0, 62
"c:\Users\Utilisateur\Desktop\RB\Dev\MyCodes\GitHub\LoupGarouMinecraftPlugin\bin\fr\fitzche\lgmore\scoreboard\Inventory\InvFunct.class", "Java", 0, 0, 3, 0, 0, 0, 0, 0, 0, 0, 1, 4
"c:\Users\Utilisateur\Desktop\RB\Dev\MyCodes\GitHub\LoupGarouMinecraftPlugin\bin\fr\fitzche\lgmore\scoreboard\Inventory\InventoryDisplay.class", "Java", 0, 0, 17, 0, 0, 0, 0, 0, 0, 0, 0, 17
"c:\Users\Utilisateur\Desktop\RB\Dev\MyCodes\GitHub\LoupGarouMinecraftPlugin\bin\fr\fitzche\lgmore\scoreboard\Inventory\JoinChoose.class", "Java", 0, 0, 45, 0, 0, 0, 0, 0, 0, 0, 0, 45
"c:\Users\Utilisateur\Desktop\RB\Dev\MyCodes\GitHub\LoupGarouMinecraftPlugin\bin\fr\fitzche\lgmore\scoreboard\Inventory\PlayerDisplay.class", "Java", 0, 0, 51, 0, 0, 0, 0, 0, 0, 0, 0, 51
"c:\Users\Utilisateur\Desktop\RB\Dev\MyCodes\GitHub\LoupGarouMinecraftPlugin\bin\fr\fitzche\lgmore\scoreboard\Inventory\PlayerGameListInv.class", "Java", 0, 0, 35, 0, 0, 0, 0, 0, 0, 0, 0, 35
"c:\Users\Utilisateur\Desktop\RB\Dev\MyCodes\GitHub\LoupGarouMinecraftPlugin\bin\fr\fitzche\lgmore\scoreboard\Inventory\PresetFunct.class", "Java", 0, 0, 35, 0, 0, 0, 0, 0, 0, 0, 0, 35
"c:\Users\Utilisateur\Desktop\RB\Dev\MyCodes\GitHub\LoupGarouMinecraftPlugin\bin\fr\fitzche\lgmore\scoreboard\Inventory\ScenarioInv.class", "Java", 0, 0, 43, 0, 0, 0, 0, 0, 0, 0, 0, 43
"c:\Users\Utilisateur\Desktop\RB\Dev\MyCodes\GitHub\LoupGarouMinecraftPlugin\bin\fr\fitzche\lgmore\scoreboard\Inventory\StringChooseInv.class", "Java", 0, 0, 50, 0, 0, 0, 0, 0, 0, 0, 0, 50
"c:\Users\Utilisateur\Desktop\RB\Dev\MyCodes\GitHub\LoupGarouMinecraftPlugin\bin\fr\fitzche\lgmore\scoreboard\Inventory\SwapperConfigInv.class", "Java", 0, 0, 35, 0, 0, 0, 0, 0, 0, 0, 0, 35
"c:\Users\Utilisateur\Desktop\RB\Dev\MyCodes\GitHub\LoupGarouMinecraftPlugin\bin\fr\fitzche\lgmore\scoreboard\Inventory\VoteInv.class", "Java", 0, 0, 29, 0, 0, 0, 0, 0, 0, 0, 0, 29
"c:\Users\Utilisateur\Desktop\RB\Dev\MyCodes\GitHub\LoupGarouMinecraftPlugin\bin\fr\fitzche\lgmore\scoreboard\Inventory\playersDisplay$1.class", "Java", 0, 0, 10, 0, 0, 0, 0, 0, 0, 0, 0, 10
"c:\Users\Utilisateur\Desktop\RB\Dev\MyCodes\GitHub\LoupGarouMinecraftPlugin\bin\fr\fitzche\lgmore\scoreboard\Inventory\playersDisplay.class", "Java", 0, 0, 51, 0, 0, 0, 0, 0, 0, 0, 0, 51
"c:\Users\Utilisateur\Desktop\RB\Dev\MyCodes\GitHub\LoupGarouMinecraftPlugin\bin\fr\fitzche\lgmore\scoreboard\Inventory\sorcierInv.class", "Java", 0, 0, 47, 0, 0, 0, 0, 0, 0, 0, 0, 47
"c:\Users\Utilisateur\Desktop\RB\Dev\MyCodes\GitHub\LoupGarouMinecraftPlugin\bin\fr\fitzche\lgmore\scoreboard\ScoreboardLg.class", "Java", 0, 0, 49, 0, 0, 0, 0, 0, 0, 0, 0, 49
"c:\Users\Utilisateur\Desktop\RB\Dev\MyCodes\GitHub\LoupGarouMinecraftPlugin\bin\fr\fitzche\lgmore\scoreboard\StarBoard.class", "Java", 0, 0, 22, 0, 0, 0, 0, 0, 0, 0, 1, 23
"c:\Users\Utilisateur\Desktop\RB\Dev\MyCodes\GitHub\LoupGarouMinecraftPlugin\bin\fr\fitzche\lgmore\uhc_color\Color.class", "Java", 0, 0, 20, 0, 0, 0, 0, 0, 0, 0, 0, 20
"c:\Users\Utilisateur\Desktop\RB\Dev\MyCodes\GitHub\LoupGarouMinecraftPlugin\bin\fr\fitzche\lgmore\uhc_color\Gui\PlayerGui.class", "Java", 0, 0, 41, 0, 0, 0, 0, 0, 0, 5, 0, 46
"c:\Users\Utilisateur\Desktop\RB\Dev\MyCodes\GitHub\LoupGarouMinecraftPlugin\bin\fr\fitzche\lgmore\uhc_color\Gui\chooseColorGui.class", "Java", 0, 0, 42, 0, 0, 0, 0, 0, 0, 0, 0, 42
"c:\Users\Utilisateur\Desktop\RB\Dev\MyCodes\GitHub\LoupGarouMinecraftPlugin\bin\fr\fitzche\lgmore\uhc_color\MainColor.class", "Java", 0, 0, 29, 0, 0, 0, 0, 0, 0, 0, 0, 29
"c:\Users\Utilisateur\Desktop\RB\Dev\MyCodes\GitHub\LoupGarouMinecraftPlugin\bin\fr\fitzche\lgmore\uhc_color\PlayerColorboard\Colorboard.class", "Java", 0, 0, 61, 0, 0, 0, 0, 0, 0, 0, 5, 66
"c:\Users\Utilisateur\Desktop\RB\Dev\MyCodes\GitHub\LoupGarouMinecraftPlugin\flagCapture\Color.java", "Java", 0, 0, 11, 0, 0, 0, 0, 0, 0, 0, 6, 17
"c:\Users\Utilisateur\Desktop\RB\Dev\MyCodes\GitHub\LoupGarouMinecraftPlugin\flagCapture\Flag.java", "Java", 0, 0, 63, 0, 0, 0, 0, 0, 0, 0, 17, 80
"c:\Users\Utilisateur\Desktop\RB\Dev\MyCodes\GitHub\LoupGarouMinecraftPlugin\flagCapture\FlagTab.java", "Java", 0, 0, 19, 0, 0, 0, 0, 0, 0, 1, 10, 30
"c:\Users\Utilisateur\Desktop\RB\Dev\MyCodes\GitHub\LoupGarouMinecraftPlugin\flagCapture\Main.java", "Java", 0, 0, 204, 0, 0, 0, 0, 0, 0, 1, 61, 266
"c:\Users\Utilisateur\Desktop\RB\Dev\MyCodes\GitHub\LoupGarouMinecraftPlugin\lgmorepack\assets\minecraft\font\alternate.properties", "Java Properties", 0, 0, 0, 52, 0, 0, 0, 0, 0, 0, 0, 52
"c:\Users\Utilisateur\Desktop\RB\Dev\MyCodes\GitHub\LoupGarouMinecraftPlugin\lgmorepack\assets\minecraft\font\default.properties", "Java Properties", 0, 0, 0, 158, 0, 0, 0, 0, 0, 0, 11, 169
"c:\Users\Utilisateur\Desktop\RB\Dev\MyCodes\GitHub\LoupGarouMinecraftPlugin\lgmorepack\assets\minecraft\mcpatcher\ctm\glass black\glass_black.properties", "Java Properties", 0, 0, 0, 3, 0, 0, 0, 0, 0, 0, 0, 3
"c:\Users\Utilisateur\Desktop\RB\Dev\MyCodes\GitHub\LoupGarouMinecraftPlugin\lgmorepack\assets\minecraft\mcpatcher\ctm\glass blue\glass_blue.properties", "Java Properties", 0, 0, 0, 3, 0, 0, 0, 0, 0, 0, 0, 3
"c:\Users\Utilisateur\Desktop\RB\Dev\MyCodes\GitHub\LoupGarouMinecraftPlugin\lgmorepack\assets\minecraft\mcpatcher\ctm\glass brown\glass_brown.properties", "Java Properties", 0, 0, 0, 3, 0, 0, 0, 0, 0, 0, 0, 3
"c:\Users\Utilisateur\Desktop\RB\Dev\MyCodes\GitHub\LoupGarouMinecraftPlugin\lgmorepack\assets\minecraft\mcpatcher\ctm\glass cyan\glass_cyan.properties", "Java Properties", 0, 0, 0, 3, 0, 0, 0, 0, 0, 0, 0, 3
"c:\Users\Utilisateur\Desktop\RB\Dev\MyCodes\GitHub\LoupGarouMinecraftPlugin\lgmorepack\assets\minecraft\mcpatcher\ctm\glass gray\glass_gray.properties", "Java Properties", 0, 0, 0, 3, 0, 0, 0, 0, 0, 0, 0, 3
"c:\Users\Utilisateur\Desktop\RB\Dev\MyCodes\GitHub\LoupGarouMinecraftPlugin\lgmorepack\assets\minecraft\mcpatcher\ctm\glass green\glass_green.properties", "Java Properties", 0, 0, 0, 3, 0, 0, 0, 0, 0, 0, 0, 3
"c:\Users\Utilisateur\Desktop\RB\Dev\MyCodes\GitHub\LoupGarouMinecraftPlugin\lgmorepack\assets\minecraft\mcpatcher\ctm\glass light blue\glass_light_blue.properties", "Java Properties", 0, 0, 0, 3, 0, 0, 0, 0, 0, 0, 0, 3
"c:\Users\Utilisateur\Desktop\RB\Dev\MyCodes\GitHub\LoupGarouMinecraftPlugin\lgmorepack\assets\minecraft\mcpatcher\ctm\glass light gray\glass_silver.properties", "Java Properties", 0, 0, 0, 3, 0, 0, 0, 0, 0, 0, 0, 3
"c:\Users\Utilisateur\Desktop\RB\Dev\MyCodes\GitHub\LoupGarouMinecraftPlugin\lgmorepack\assets\minecraft\mcpatcher\ctm\glass lime\glass_lime.properties", "Java Properties", 0, 0, 0, 3, 0, 0, 0, 0, 0, 0, 0, 3
"c:\Users\Utilisateur\Desktop\RB\Dev\MyCodes\GitHub\LoupGarouMinecraftPlugin\lgmorepack\assets\minecraft\mcpatcher\ctm\glass magenta\glass_magenta.properties", "Java Properties", 0, 0, 0, 3, 0, 0, 0, 0, 0, 0, 0, 3
"c:\Users\Utilisateur\Desktop\RB\Dev\MyCodes\GitHub\LoupGarouMinecraftPlugin\lgmorepack\assets\minecraft\mcpatcher\ctm\glass orange\glass_orange.properties", "Java Properties", 0, 0, 0, 3, 0, 0, 0, 0, 0, 0, 0, 3
"c:\Users\Utilisateur\Desktop\RB\Dev\MyCodes\GitHub\LoupGarouMinecraftPlugin\lgmorepack\assets\minecraft\mcpatcher\ctm\glass pink\glass_pink.properties", "Java Properties", 0, 0, 0, 3, 0, 0, 0, 0, 0, 0, 0, 3
"c:\Users\Utilisateur\Desktop\RB\Dev\MyCodes\GitHub\LoupGarouMinecraftPlugin\lgmorepack\assets\minecraft\mcpatcher\ctm\glass purple\glass_purple.properties", "Java Properties", 0, 0, 0, 3, 0, 0, 0, 0, 0, 0, 0, 3
"c:\Users\Utilisateur\Desktop\RB\Dev\MyCodes\GitHub\LoupGarouMinecraftPlugin\lgmorepack\assets\minecraft\mcpatcher\ctm\glass red\glass_red.properties", "Java Properties", 0, 0, 0, 3, 0, 0, 0, 0, 0, 0, 0, 3
"c:\Users\Utilisateur\Desktop\RB\Dev\MyCodes\GitHub\LoupGarouMinecraftPlugin\lgmorepack\assets\minecraft\mcpatcher\ctm\glass white\glass_white.properties", "Java Properties", 0, 0, 0, 3, 0, 0, 0, 0, 0, 0, 0, 3
"c:\Users\Utilisateur\Desktop\RB\Dev\MyCodes\GitHub\LoupGarouMinecraftPlugin\lgmorepack\assets\minecraft\mcpatcher\ctm\glass yellow\glass_yellow.properties", "Java Properties", 0, 0, 0, 3, 0, 0, 0, 0, 0, 0, 0, 3
"c:\Users\Utilisateur\Desktop\RB\Dev\MyCodes\GitHub\LoupGarouMinecraftPlugin\lgmorepack\assets\minecraft\mcpatcher\ctm\glass\Black Glass\glass_black.properties", "Java Properties", 0, 0, 0, 3, 0, 0, 0, 0, 0, 0, 0, 3
"c:\Users\Utilisateur\Desktop\RB\Dev\MyCodes\GitHub\LoupGarouMinecraftPlugin\lgmorepack\assets\minecraft\mcpatcher\ctm\glass\Blue Glass\glass_blue.properties", "Java Properties", 0, 0, 0, 3, 0, 0, 0, 0, 0, 0, 0, 3
"c:\Users\Utilisateur\Desktop\RB\Dev\MyCodes\GitHub\LoupGarouMinecraftPlugin\lgmorepack\assets\minecraft\mcpatcher\ctm\glass\Brown Glass\glass_brown.properties", "Java Properties", 0, 0, 0, 3, 0, 0, 0, 0, 0, 0, 0, 3
"c:\Users\Utilisateur\Desktop\RB\Dev\MyCodes\GitHub\LoupGarouMinecraftPlugin\lgmorepack\assets\minecraft\mcpatcher\ctm\glass\Cyan Glass\glass_cyan.properties", "Java Properties", 0, 0, 0, 3, 0, 0, 0, 0, 0, 0, 0, 3
"c:\Users\Utilisateur\Desktop\RB\Dev\MyCodes\GitHub\LoupGarouMinecraftPlugin\lgmorepack\assets\minecraft\mcpatcher\ctm\glass\Green Glass\glass_green.properties", "Java Properties", 0, 0, 0, 3, 0, 0, 0, 0, 0, 0, 0, 3
"c:\Users\Utilisateur\Desktop\RB\Dev\MyCodes\GitHub\LoupGarouMinecraftPlugin\lgmorepack\assets\minecraft\mcpatcher\ctm\glass\Grey Glass\glass_gray.properties", "Java Properties", 0, 0, 0, 3, 0, 0, 0, 0, 0, 0, 0, 3
"c:\Users\Utilisateur\Desktop\RB\Dev\MyCodes\GitHub\LoupGarouMinecraftPlugin\lgmorepack\assets\minecraft\mcpatcher\ctm\glass\Light Blue Glass\glass_light_blue.properties", "Java Properties", 0, 0, 0, 3, 0, 0, 0, 0, 0, 0, 0, 3
"c:\Users\Utilisateur\Desktop\RB\Dev\MyCodes\GitHub\LoupGarouMinecraftPlugin\lgmorepack\assets\minecraft\mcpatcher\ctm\glass\Light Grey Glass\glass_silver.properties", "Java Properties", 0, 0, 0, 3, 0, 0, 0, 0, 0, 0, 0, 3
"c:\Users\Utilisateur\Desktop\RB\Dev\MyCodes\GitHub\LoupGarouMinecraftPlugin\lgmorepack\assets\minecraft\mcpatcher\ctm\glass\Lime Glass\glass_lime.properties", "Java Properties", 0, 0, 0, 3, 0, 0, 0, 0, 0, 0, 0, 3
"c:\Users\Utilisateur\Desktop\RB\Dev\MyCodes\GitHub\LoupGarouMinecraftPlugin\lgmorepack\assets\minecraft\mcpatcher\ctm\glass\Magenta Glass\glass_magenta.properties", "Java Properties", 0, 0, 0, 3, 0, 0, 0, 0, 0, 0, 0, 3
"c:\Users\Utilisateur\Desktop\RB\Dev\MyCodes\GitHub\LoupGarouMinecraftPlugin\lgmorepack\assets\minecraft\mcpatcher\ctm\glass\Normal\glass.properties", "Java Properties", 0, 0, 0, 2, 0, 0, 0, 0, 0, 0, 0, 2
"c:\Users\Utilisateur\Desktop\RB\Dev\MyCodes\GitHub\LoupGarouMinecraftPlugin\lgmorepack\assets\minecraft\mcpatcher\ctm\glass\Orange Glass\glass_orange.properties", "Java Properties", 0, 0, 0, 3, 0, 0, 0, 0, 0, 0, 0, 3
"c:\Users\Utilisateur\Desktop\RB\Dev\MyCodes\GitHub\LoupGarouMinecraftPlugin\lgmorepack\assets\minecraft\mcpatcher\ctm\glass\Pink Glass\glass_pink.properties", "Java Properties", 0, 0, 0, 3, 0, 0, 0, 0, 0, 0, 0, 3
"c:\Users\Utilisateur\Desktop\RB\Dev\MyCodes\GitHub\LoupGarouMinecraftPlugin\lgmorepack\assets\minecraft\mcpatcher\ctm\glass\Purple Glass\glass_purple.properties", "Java Properties", 0, 0, 0, 3, 0, 0, 0, 0, 0, 0, 0, 3
"c:\Users\Utilisateur\Desktop\RB\Dev\MyCodes\GitHub\LoupGarouMinecraftPlugin\lgmorepack\assets\minecraft\mcpatcher\ctm\glass\Red Glass\glass_red.properties", "Java Properties", 0, 0, 0, 3, 0, 0, 0, 0, 0, 0, 0, 3
"c:\Users\Utilisateur\Desktop\RB\Dev\MyCodes\GitHub\LoupGarouMinecraftPlugin\lgmorepack\assets\minecraft\mcpatcher\ctm\glass\White Glass\glass_white.properties", "Java Properties", 0, 0, 0, 3, 0, 0, 0, 0, 0, 0, 0, 3
"c:\Users\Utilisateur\Desktop\RB\Dev\MyCodes\GitHub\LoupGarouMinecraftPlugin\lgmorepack\assets\minecraft\mcpatcher\ctm\glass\Yellow Glass\glass_yellow.properties", "Java Properties", 0, 0, 0, 3, 0, 0, 0, 0, 0, 0, 0, 3
"c:\Users\Utilisateur\Desktop\RB\Dev\MyCodes\GitHub\LoupGarouMinecraftPlugin\lgmorepack\assets\minecraft\mcpatcher\ctm\glass\glass.properties", "Java Properties", 0, 0, 0, 3, 0, 0, 0, 0, 0, 0, 1, 4
"c:\Users\Utilisateur\Desktop\RB\Dev\MyCodes\GitHub\LoupGarouMinecraftPlugin\lgmorepack\assets\minecraft\mcpatcher\font\alternate.properties", "Java Properties", 0, 0, 0, 52, 0, 0, 0, 0, 0, 0, 0, 52
"c:\Users\Utilisateur\Desktop\RB\Dev\MyCodes\GitHub\LoupGarouMinecraftPlugin\lgmorepack\assets\minecraft\mcpatcher\font\default.properties", "Java Properties", 0, 0, 0, 158, 0, 0, 0, 0, 0, 0, 11, 169
"c:\Users\Utilisateur\Desktop\RB\Dev\MyCodes\GitHub\LoupGarouMinecraftPlugin\lgmorepack\assets\minecraft\mcpatcher\sky\world0\sky1.properties", "Java Properties", 0, 0, 0, 8, 0, 0, 0, 0, 0, 0, 0, 8
"c:\Users\Utilisateur\Desktop\RB\Dev\MyCodes\GitHub\LoupGarouMinecraftPlugin\lgmorepack\assets\minecraft\mcpatcher\sky\world0\sky2.properties", "Java Properties", 0, 0, 0, 6, 0, 0, 0, 0, 0, 1, 1, 8
"c:\Users\Utilisateur\Desktop\RB\Dev\MyCodes\GitHub\LoupGarouMinecraftPlugin\lgmorepack\assets\minecraft\mcpatcher\sky\world0\sky3.properties", "Java Properties", 0, 0, 0, 7, 0, 0, 0, 0, 0, 0, 1, 8
"c:\Users\Utilisateur\Desktop\RB\Dev\MyCodes\GitHub\LoupGarouMinecraftPlugin\lgmorepack\assets\minecraft\mcpatcher\sky\world0\sky4.properties", "Java Properties", 0, 0, 0, 8, 0, 0, 0, 0, 0, 0, 0, 8
"c:\Users\Utilisateur\Desktop\RB\Dev\MyCodes\GitHub\LoupGarouMinecraftPlugin\lgmorepack\assets\minecraft\mcpatcher\sky\world0\skydestocazzo.properties", "Java Properties", 0, 0, 0, 7, 0, 0, 0, 0, 0, 0, 1, 8
"c:\Users\Utilisateur\Desktop\RB\Dev\MyCodes\GitHub\LoupGarouMinecraftPlugin\lgmorepack\assets\minecraft\textures\blocks\diamond_ore.png.mcmeta", "JSON", 0, 3, 0, 0, 0, 0, 0, 0, 0, 0, 0, 3
"c:\Users\Utilisateur\Desktop\RB\Dev\MyCodes\GitHub\LoupGarouMinecraftPlugin\lgmorepack\assets\minecraft\textures\blocks\emerald_ore.png.mcmeta", "JSON", 0, 3, 0, 0, 0, 0, 0, 0, 0, 0, 0, 3
"c:\Users\Utilisateur\Desktop\RB\Dev\MyCodes\GitHub\LoupGarouMinecraftPlugin\lgmorepack\assets\minecraft\textures\blocks\fire_0.png.mcmeta", "JSON", 0, 22, 0, 0, 0, 0, 0, 0, 0, 0, 0, 22
"c:\Users\Utilisateur\Desktop\RB\Dev\MyCodes\GitHub\LoupGarouMinecraftPlugin\lgmorepack\assets\minecraft\textures\blocks\fire_1.png.mcmeta", "JSON", 0, 3, 0, 0, 0, 0, 0, 0, 0, 0, 0, 3
"c:\Users\Utilisateur\Desktop\RB\Dev\MyCodes\GitHub\LoupGarouMinecraftPlugin\lgmorepack\assets\minecraft\textures\blocks\fire_layer_0.png.mcmeta", "JSON", 0, 22, 0, 0, 0, 0, 0, 0, 0, 0, 0, 22
"c:\Users\Utilisateur\Desktop\RB\Dev\MyCodes\GitHub\LoupGarouMinecraftPlugin\lgmorepack\assets\minecraft\textures\blocks\fire_layer_1.png.mcmeta", "JSON", 0, 22, 0, 0, 0, 0, 0, 0, 0, 0, 0, 22
"c:\Users\Utilisateur\Desktop\RB\Dev\MyCodes\GitHub\LoupGarouMinecraftPlugin\lgmorepack\assets\minecraft\textures\blocks\gold_ore.png.mcmeta", "JSON", 0, 3, 0, 0, 0, 0, 0, 0, 0, 0, 0, 3
"c:\Users\Utilisateur\Desktop\RB\Dev\MyCodes\GitHub\LoupGarouMinecraftPlugin\lgmorepack\assets\minecraft\textures\blocks\lava_flow.png.mcmeta", "JSON", 0, 23, 0, 0, 0, 0, 0, 0, 0, 0, 1, 24
"c:\Users\Utilisateur\Desktop\RB\Dev\MyCodes\GitHub\LoupGarouMinecraftPlugin\lgmorepack\assets\minecraft\textures\blocks\lava_still.png.mcmeta", "JSON", 0, 45, 0, 0, 0, 0, 0, 0, 0, 0, 1, 46
"c:\Users\Utilisateur\Desktop\RB\Dev\MyCodes\GitHub\LoupGarouMinecraftPlugin\lgmorepack\assets\minecraft\textures\blocks\portal.png.mcmeta", "JSON", 0, 3, 0, 0, 0, 0, 0, 0, 0, 0, 1, 4
"c:\Users\Utilisateur\Desktop\RB\Dev\MyCodes\GitHub\LoupGarouMinecraftPlugin\lgmorepack\assets\minecraft\textures\blocks\prismarine_rough.png.mcmeta", "JSON", 0, 30, 0, 0, 0, 0, 0, 0, 0, 0, 1, 31
"c:\Users\Utilisateur\Desktop\RB\Dev\MyCodes\GitHub\LoupGarouMinecraftPlugin\lgmorepack\assets\minecraft\textures\blocks\redstone_ore.png.mcmeta", "JSON", 0, 3, 0, 0, 0, 0, 0, 0, 0, 0, 0, 3
"c:\Users\Utilisateur\Desktop\RB\Dev\MyCodes\GitHub\LoupGarouMinecraftPlugin\lgmorepack\assets\minecraft\textures\blocks\sea_lantern.png.mcmeta", "JSON", 0, 5, 0, 0, 0, 0, 0, 0, 0, 0, 1, 6
"c:\Users\Utilisateur\Desktop\RB\Dev\MyCodes\GitHub\LoupGarouMinecraftPlugin\lgmorepack\assets\minecraft\textures\blocks\water_flow.png.mcmeta", "JSON", 0, 3, 0, 0, 0, 0, 0, 0, 0, 0, 1, 4
"c:\Users\Utilisateur\Desktop\RB\Dev\MyCodes\GitHub\LoupGarouMinecraftPlugin\lgmorepack\assets\minecraft\textures\blocks\water_still.png.mcmeta", "JSON", 0, 39, 0, 0, 0, 0, 0, 0, 0, 0, 1, 40
"c:\Users\Utilisateur\Desktop\RB\Dev\MyCodes\GitHub\LoupGarouMinecraftPlugin\lgmorepack\assets\minecraft\textures\font\ascii.properties", "Java Properties", 0, 0, 0, 158, 0, 0, 0, 0, 0, 0, 11, 169
"c:\Users\Utilisateur\Desktop\RB\Dev\MyCodes\GitHub\LoupGarouMinecraftPlugin\lgmorepack\assets\minecraft\textures\font\ascii_sga.properties", "Java Properties", 0, 0, 0, 52, 0, 0, 0, 0, 0, 0, 0, 52
"c:\Users\Utilisateur\Desktop\RB\Dev\MyCodes\GitHub\LoupGarouMinecraftPlugin\lgmorepack\assets\minecraft\textures\items\clock.png.mcmeta", "JSON", 0, 3, 0, 0, 0, 0, 0, 0, 0, 0, 1, 4
"c:\Users\Utilisateur\Desktop\RB\Dev\MyCodes\GitHub\LoupGarouMinecraftPlugin\lgmorepack\assets\minecraft\textures\items\compass.png.mcmeta", "JSON", 0, 3, 0, 0, 0, 0, 0, 0, 0, 0, 1, 4
"c:\Users\Utilisateur\Desktop\RB\Dev\MyCodes\GitHub\LoupGarouMinecraftPlugin\lgmorepack\pack.mcmeta", "JSON", 0, 6, 0, 0, 0, 0, 0, 0, 0, 0, 0, 6
"c:\Users\Utilisateur\Desktop\RB\Dev\MyCodes\GitHub\LoupGarouMinecraftPlugin\oldtexture\pack.mcmeta", "JSON", 0, 6, 0, 0, 0, 0, 0, 0, 0, 0, 1, 7
"c:\Users\Utilisateur\Desktop\RB\Dev\MyCodes\GitHub\LoupGarouMinecraftPlugin\plugin.yml", "YAML", 26, 0, 0, 0, 0, 0, 0, 0, 0, 0, 1, 27
"c:\Users\Utilisateur\Desktop\RB\Dev\MyCodes\GitHub\LoupGarouMinecraftPlugin\src\.VSCodeCounter\2025-06-19_14-00-25\details.md", "Markdown", 0, 0, 0, 0, 0, 187, 0, 0, 0, 0, 6, 193
"c:\Users\Utilisateur\Desktop\RB\Dev\MyCodes\GitHub\LoupGarouMinecraftPlugin\src\.VSCodeCounter\2025-06-19_14-00-25\diff-details.md", "Markdown", 0, 0, 0, 0, 0, 9, 0, 0, 0, 0, 6, 15
"c:\Users\Utilisateur\Desktop\RB\Dev\MyCodes\GitHub\LoupGarouMinecraftPlugin\src\.VSCodeCounter\2025-06-19_14-00-25\diff.md", "Markdown", 0, 0, 0, 0, 0, 12, 0, 0, 0, 0, 7, 19
"c:\Users\Utilisateur\Desktop\RB\Dev\MyCodes\GitHub\LoupGarouMinecraftPlugin\src\.VSCodeCounter\2025-06-19_14-00-25\results.json", "JSON", 0, 1, 0, 0, 0, 0, 0, 0, 0, 0, 0, 1
"c:\Users\Utilisateur\Desktop\RB\Dev\MyCodes\GitHub\LoupGarouMinecraftPlugin\src\.VSCodeCounter\2025-06-19_14-00-25\results.md", "Markdown", 0, 0, 0, 0, 0, 37, 0, 0, 0, 0, 7, 44
"c:\Users\Utilisateur\Desktop\RB\Dev\MyCodes\GitHub\LoupGarouMinecraftPlugin\src\StarParty\RoleStar.java", "Java", 0, 0, 6, 0, 0, 0, 0, 0, 0, 0, 6, 12
"c:\Users\Utilisateur\Desktop\RB\Dev\MyCodes\GitHub\LoupGarouMinecraftPlugin\src\StarParty\Role\Chewbaca.java", "Java", 0, 0, 22, 0, 0, 0, 0, 0, 0, 1, 10, 33
"c:\Users\Utilisateur\Desktop\RB\Dev\MyCodes\GitHub\LoupGarouMinecraftPlugin\src\StarParty\Role\DarkMaul.java", "Java", 0, 0, 27, 0, 0, 0, 0, 0, 0, 0, 10, 37
"c:\Users\Utilisateur\Desktop\RB\Dev\MyCodes\GitHub\LoupGarouMinecraftPlugin\src\StarParty\Role\DarkVador.java", "Java", 0, 0, 35, 0, 0, 0, 0, 0, 0, 0, 12, 47
"c:\Users\Utilisateur\Desktop\RB\Dev\MyCodes\GitHub\LoupGarouMinecraftPlugin\src\StarParty\Role\Dooku.java", "Java", 0, 0, 46, 0, 0, 0, 0, 0, 0, 0, 10, 56
"c:\Users\Utilisateur\Desktop\RB\Dev\MyCodes\GitHub\LoupGarouMinecraftPlugin\src\StarParty\Role\Grievous.java", "Java", 0, 0, 22, 0, 0, 0, 0, 0, 0, 1, 8, 31
"c:\Users\Utilisateur\Desktop\RB\Dev\MyCodes\GitHub\LoupGarouMinecraftPlugin\src\StarParty\Role\HanSolo.java", "Java", 0, 0, 24, 0, 0, 0, 0, 0, 0, 1, 9, 34
"c:\Users\Utilisateur\Desktop\RB\Dev\MyCodes\GitHub\LoupGarouMinecraftPlugin\src\StarParty\Role\Impe.java", "Java", 0, 0, 34, 0, 0, 0, 0, 0, 0, 0, 7, 41
"c:\Users\Utilisateur\Desktop\RB\Dev\MyCodes\GitHub\LoupGarouMinecraftPlugin\src\StarParty\Role\Jango.java", "Java", 0, 0, 103, 0, 0, 0, 0, 0, 0, 0, 20, 123
"c:\Users\Utilisateur\Desktop\RB\Dev\MyCodes\GitHub\LoupGarouMinecraftPlugin\src\StarParty\Role\Leila.java", "Java", 0, 0, 31, 0, 0, 0, 0, 0, 0, 1, 8, 40
"c:\Users\Utilisateur\Desktop\RB\Dev\MyCodes\GitHub\LoupGarouMinecraftPlugin\src\StarParty\Role\Luke.java", "Java", 0, 0, 29, 0, 0, 0, 0, 0, 0, 0, 8, 37
"c:\Users\Utilisateur\Desktop\RB\Dev\MyCodes\GitHub\LoupGarouMinecraftPlugin\src\StarParty\Role\Obiwan.java", "Java", 0, 0, 30, 0, 0, 0, 0, 0, 0, 0, 11, 41
"c:\Users\Utilisateur\Desktop\RB\Dev\MyCodes\GitHub\LoupGarouMinecraftPlugin\src\StarParty\Role\Palpatine.java", "Java", 0, 0, 32, 0, 0, 0, 0, 0, 0, 1, 10, 43
"c:\Users\Utilisateur\Desktop\RB\Dev\MyCodes\GitHub\LoupGarouMinecraftPlugin\src\StarParty\Role\QuiGon.java", "Java", 0, 0, 36, 0, 0, 0, 0, 0, 0, 1, 10, 47
"c:\Users\Utilisateur\Desktop\RB\Dev\MyCodes\GitHub\LoupGarouMinecraftPlugin\src\StarParty\Role\Stormtrooper.java", "Java", 0, 0, 12, 0, 0, 0, 0, 0, 0, 2, 7, 21
"c:\Users\Utilisateur\Desktop\RB\Dev\MyCodes\GitHub\LoupGarouMinecraftPlugin\src\StarParty\Role\Windu.java", "Java", 0, 0, 30, 0, 0, 0, 0, 0, 0, 1, 10, 41
"c:\Users\Utilisateur\Desktop\RB\Dev\MyCodes\GitHub\LoupGarouMinecraftPlugin\src\StarParty\Role\Yoda.java", "Java", 0, 0, 25, 0, 0, 0, 0, 0, 0, 1, 8, 34
"c:\Users\Utilisateur\Desktop\RB\Dev\MyCodes\GitHub\LoupGarouMinecraftPlugin\src\StarParty\RolesStar.java", "Java", 0, 0, 54, 0, 0, 0, 0, 0, 0, 0, 12, 66
"c:\Users\Utilisateur\Desktop\RB\Dev\MyCodes\GitHub\LoupGarouMinecraftPlugin\src\StarParty\StarListener.java", "Java", 0, 0, 404, 0, 0, 0, 0, 0, 0, 7, 74, 485
"c:\Users\Utilisateur\Desktop\RB\Dev\MyCodes\GitHub\LoupGarouMinecraftPlugin\src\StarParty\StarParty.java", "Java", 0, 0, 277, 0, 0, 0, 0, 0, 0, 8, 62, 347
"c:\Users\Utilisateur\Desktop\RB\Dev\MyCodes\GitHub\LoupGarouMinecraftPlugin\src\StarParty\StarUtil.java", "Java", 0, 0, 59, 0, 0, 0, 0, 0, 0, 0, 6, 65
"c:\Users\Utilisateur\Desktop\RB\Dev\MyCodes\GitHub\LoupGarouMinecraftPlugin\src\WorldEditUtil\BiomeChanger.java", "Java", 0, 0, 33, 0, 0, 0, 0, 0, 0, 1, 12, 46
"c:\Users\Utilisateur\Desktop\RB\Dev\MyCodes\GitHub\LoupGarouMinecraftPlugin\src\WorldEditUtil\EmptyWorldGenerator.java", "Java", 0, 0, 16, 0, 0, 0, 0, 0, 0, 0, 5, 21
"c:\Users\Utilisateur\Desktop\RB\Dev\MyCodes\GitHub\LoupGarouMinecraftPlugin\src\WorldEditUtil\StructureLoader.java", "Java", 0, 0, 106, 0, 0, 0, 0, 0, 0, 6, 43, 155
"c:\Users\Utilisateur\Desktop\RB\Dev\MyCodes\GitHub\LoupGarouMinecraftPlugin\src\fr\fitzche\flagCapture\Color.java", "Java", 0, 0, 11, 0, 0, 0, 0, 0, 0, 0, 6, 17
"c:\Users\Utilisateur\Desktop\RB\Dev\MyCodes\GitHub\LoupGarouMinecraftPlugin\src\fr\fitzche\flagCapture\Flag.java", "Java", 0, 0, 64, 0, 0, 0, 0, 0, 0, 0, 18, 82
"c:\Users\Utilisateur\Desktop\RB\Dev\MyCodes\GitHub\LoupGarouMinecraftPlugin\src\fr\fitzche\flagCapture\FlagTab.java", "Java", 0, 0, 19, 0, 0, 0, 0, 0, 0, 1, 10, 30
"c:\Users\Utilisateur\Desktop\RB\Dev\MyCodes\GitHub\LoupGarouMinecraftPlugin\src\fr\fitzche\flagCapture\Main2.java", "Java", 0, 0, 247, 0, 0, 0, 0, 0, 0, 1, 82, 330
"c:\Users\Utilisateur\Desktop\RB\Dev\MyCodes\GitHub\LoupGarouMinecraftPlugin\src\fr\fitzche\lgmore\Camp.java", "Java", 0, 0, 31, 0, 0, 0, 0, 0, 0, 0, 10, 41
"c:\Users\Utilisateur\Desktop\RB\Dev\MyCodes\GitHub\LoupGarouMinecraftPlugin\src\fr\fitzche\lgmore\Game.java", "Java", 0, 0, 17, 0, 0, 0, 0, 0, 0, 0, 6, 23
"c:\Users\Utilisateur\Desktop\RB\Dev\MyCodes\GitHub\LoupGarouMinecraftPlugin\src\fr\fitzche\lgmore\GameStatut.java", "Java", 0, 0, 4, 0, 0, 0, 0, 0, 0, 0, 2, 6
"c:\Users\Utilisateur\Desktop\RB\Dev\MyCodes\GitHub\LoupGarouMinecraftPlugin\src\fr\fitzche\lgmore\InfinityStones\Stone.java", "Java", 0, 0, 88, 0, 0, 0, 0, 0, 0, 9, 28, 125
"c:\Users\Utilisateur\Desktop\RB\Dev\MyCodes\GitHub\LoupGarouMinecraftPlugin\src\fr\fitzche\lgmore\InfinityStones\StonesType.java", "Java", 0, 0, 11, 0, 0, 0, 0, 0, 0, 0, 5, 16
"c:\Users\Utilisateur\Desktop\RB\Dev\MyCodes\GitHub\LoupGarouMinecraftPlugin\src\fr\fitzche\lgmore\Lg\GameLg.java", "Java", 0, 0, 1642, 0, 0, 0, 0, 0, 0, 29, 433, 2104
"c:\Users\Utilisateur\Desktop\RB\Dev\MyCodes\GitHub\LoupGarouMinecraftPlugin\src\fr\fitzche\lgmore\Lg\GameLgListener.java", "Java", 0, 0, 236, 0, 0, 0, 0, 0, 0, 18, 82, 336
"c:\Users\Utilisateur\Desktop\RB\Dev\MyCodes\GitHub\LoupGarouMinecraftPlugin\src\fr\fitzche\lgmore\Lg\GameNote.java", "Java", 0, 0, 60, 0, 0, 0, 0, 0, 0, 0, 15, 75
"c:\Users\Utilisateur\Desktop\RB\Dev\MyCodes\GitHub\LoupGarouMinecraftPlugin\src\fr\fitzche\lgmore\Lg\GameType.java", "Java", 0, 0, 4, 0, 0, 0, 0, 0, 0, 0, 2, 6
"c:\Users\Utilisateur\Desktop\RB\Dev\MyCodes\GitHub\LoupGarouMinecraftPlugin\src\fr\fitzche\lgmore\Lg\PlayerNote.java", "Java", 0, 0, 20, 0, 0, 0, 0, 0, 0, 0, 9, 29
"c:\Users\Utilisateur\Desktop\RB\Dev\MyCodes\GitHub\LoupGarouMinecraftPlugin\src\fr\fitzche\lgmore\Lg\RegisterType.java", "Java", 0, 0, 5, 0, 0, 0, 0, 0, 0, 0, 3, 8
"c:\Users\Utilisateur\Desktop\RB\Dev\MyCodes\GitHub\LoupGarouMinecraftPlugin\src\fr\fitzche\lgmore\Lg\SpecialsBlock\AccuseBlockData.java", "Java", 0, 0, 7, 0, 0, 0, 0, 0, 0, 1, 4, 12
"c:\Users\Utilisateur\Desktop\RB\Dev\MyCodes\GitHub\LoupGarouMinecraftPlugin\src\fr\fitzche\lgmore\Lg\SpecialsBlock\CauldronBlockData.java", "Java", 0, 0, 7, 0, 0, 0, 0, 0, 0, 1, 4, 12
"c:\Users\Utilisateur\Desktop\RB\Dev\MyCodes\GitHub\LoupGarouMinecraftPlugin\src\fr\fitzche\lgmore\Lg\SpecialsBlock\SpecialBlock.java", "Java", 0, 0, 237, 0, 0, 0, 0, 0, 0, 1, 49, 287
"c:\Users\Utilisateur\Desktop\RB\Dev\MyCodes\GitHub\LoupGarouMinecraftPlugin\src\fr\fitzche\lgmore\Lg\SpecialsBlock\SpecialBlockData.java", "Java", 0, 0, 4, 0, 0, 0, 0, 0, 0, 0, 6, 10
"c:\Users\Utilisateur\Desktop\RB\Dev\MyCodes\GitHub\LoupGarouMinecraftPlugin\src\fr\fitzche\lgmore\Lg\SpecialsBlock\SpecialBlockType.java", "Java", 0, 0, 4, 0, 0, 0, 0, 0, 0, 0, 2, 6
"c:\Users\Utilisateur\Desktop\RB\Dev\MyCodes\GitHub\LoupGarouMinecraftPlugin\src\fr\fitzche\lgmore\Lg\SpecialsBlock\StoneBlockData.java", "Java", 0, 0, 19, 0, 0, 0, 0, 0, 0, 1, 7, 27
"c:\Users\Utilisateur\Desktop\RB\Dev\MyCodes\GitHub\LoupGarouMinecraftPlugin\src\fr\fitzche\lgmore\Lg\SpecialsBlock\TreasureBlockData.java", "Java", 0, 0, 15, 0, 0, 0, 0, 0, 0, 1, 6, 22
"c:\Users\Utilisateur\Desktop\RB\Dev\MyCodes\GitHub\LoupGarouMinecraftPlugin\src\fr\fitzche\lgmore\Lg\SpecialsBlock\TreasureBlockType.java", "Java", 0, 0, 4, 0, 0, 0, 0, 0, 0, 0, 2, 6
"c:\Users\Utilisateur\Desktop\RB\Dev\MyCodes\GitHub\LoupGarouMinecraftPlugin\src\fr\fitzche\lgmore\Lg\SpecialsBlock\VoteBlockData.java", "Java", 0, 0, 13, 0, 0, 0, 0, 0, 0, 1, 6, 20
"c:\Users\Utilisateur\Desktop\RB\Dev\MyCodes\GitHub\LoupGarouMinecraftPlugin\src\fr\fitzche\lgmore\Main.java", "Java", 0, 0, 627, 0, 0, 0, 0, 0, 0, 4, 161, 792
"c:\Users\Utilisateur\Desktop\RB\Dev\MyCodes\GitHub\LoupGarouMinecraftPlugin\src\fr\fitzche\lgmore\Minage\MinageWorld.java", "Java", 0, 0, 158, 0, 0, 0, 0, 0, 0, 4, 47, 209
"c:\Users\Utilisateur\Desktop\RB\Dev\MyCodes\GitHub\LoupGarouMinecraftPlugin\src\fr\fitzche\lgmore\Minage\TradeInv.java", "Java", 0, 0, 95, 0, 0, 0, 0, 0, 0, 0, 46, 141
"c:\Users\Utilisateur\Desktop\RB\Dev\MyCodes\GitHub\LoupGarouMinecraftPlugin\src\fr\fitzche\lgmore\Minage\Trades.java", "Java", 0, 0, 33, 0, 0, 0, 0, 0, 0, 0, 15, 48
"c:\Users\Utilisateur\Desktop\RB\Dev\MyCodes\GitHub\LoupGarouMinecraftPlugin\src\fr\fitzche\lgmore\PlayerData.java", "Java", 0, 0, 430, 0, 0, 0, 0, 0, 0, 6, 104, 540
"c:\Users\Utilisateur\Desktop\RB\Dev\MyCodes\GitHub\LoupGarouMinecraftPlugin\src\fr\fitzche\lgmore\Role.java", "Java", 0, 0, 4, 0, 0, 0, 0, 0, 0, 0, 4, 8
"c:\Users\Utilisateur\Desktop\RB\Dev\MyCodes\GitHub\LoupGarouMinecraftPlugin\src\fr\fitzche\lgmore\RoleInstance.java", "Java", 0, 0, 29, 0, 0, 0, 0, 0, 0, 0, 20, 49
"c:\Users\Utilisateur\Desktop\RB\Dev\MyCodes\GitHub\LoupGarouMinecraftPlugin\src\fr\fitzche\lgmore\RolesLg\ALLUMEUR.java", "Java", 0, 0, 104, 0, 0, 0, 0, 0, 0, 6, 37, 147
"c:\Users\Utilisateur\Desktop\RB\Dev\MyCodes\GitHub\LoupGarouMinecraftPlugin\src\fr\fitzche\lgmore\RolesLg\ANCIEN.java", "Java", 0, 0, 87, 0, 0, 0, 0, 0, 0, 9, 38, 134
"c:\Users\Utilisateur\Desktop\RB\Dev\MyCodes\GitHub\LoupGarouMinecraftPlugin\src\fr\fitzche\lgmore\RolesLg\ANGE.java", "Java", 0, 0, 173, 0, 0, 0, 0, 0, 0, 5, 60, 238
"c:\Users\Utilisateur\Desktop\RB\Dev\MyCodes\GitHub\LoupGarouMinecraftPlugin\src\fr\fitzche\lgmore\RolesLg\ASSASSIN.java", "Java", 0, 0, 95, 0, 0, 0, 0, 0, 0, 6, 38, 139
"c:\Users\Utilisateur\Desktop\RB\Dev\MyCodes\GitHub\LoupGarouMinecraftPlugin\src\fr\fitzche\lgmore\RolesLg\Aura.java", "Java", 0, 0, 17, 0, 0, 0, 0, 0, 0, 0, 5, 22
"c:\Users\Utilisateur\Desktop\RB\Dev\MyCodes\GitHub\LoupGarouMinecraftPlugin\src\fr\fitzche\lgmore\RolesLg\BIENFAITEUR.java", "Java", 0, 0, 94, 0, 0, 0, 0, 0, 0, 9, 40, 143
"c:\Users\Utilisateur\Desktop\RB\Dev\MyCodes\GitHub\LoupGarouMinecraftPlugin\src\fr\fitzche\lgmore\RolesLg\CHASSEUR.java", "Java", 0, 0, 101, 0, 0, 0, 0, 0, 0, 1, 53, 155
"c:\Users\Utilisateur\Desktop\RB\Dev\MyCodes\GitHub\LoupGarouMinecraftPlugin\src\fr\fitzche\lgmore\RolesLg\COMEDIEN.java", "Java", 0, 0, 103, 0, 0, 0, 0, 0, 0, 6, 40, 149
"c:\Users\Utilisateur\Desktop\RB\Dev\MyCodes\GitHub\LoupGarouMinecraftPlugin\src\fr\fitzche\lgmore\RolesLg\CORBEAU.java", "Java", 0, 0, 84, 0, 0, 0, 0, 0, 0, 9, 36, 129
"c:\Users\Utilisateur\Desktop\RB\Dev\MyCodes\GitHub\LoupGarouMinecraftPlugin\src\fr\fitzche\lgmore\RolesLg\CUPIDON.java", "Java", 0, 0, 129, 0, 0, 0, 0, 0, 0, 9, 56, 194
"c:\Users\Utilisateur\Desktop\RB\Dev\MyCodes\GitHub\LoupGarouMinecraftPlugin\src\fr\fitzche\lgmore\RolesLg\Checkers\AncienChecker.java", "Java", 0, 0, 74, 0, 0, 0, 0, 0, 0, 10, 24, 108
"c:\Users\Utilisateur\Desktop\RB\Dev\MyCodes\GitHub\LoupGarouMinecraftPlugin\src\fr\fitzche\lgmore\RolesLg\Checkers\AngeChecker.java", "Java", 0, 0, 68, 0, 0, 0, 0, 0, 0, 11, 18, 97
"c:\Users\Utilisateur\Desktop\RB\Dev\MyCodes\GitHub\LoupGarouMinecraftPlugin\src\fr\fitzche\lgmore\RolesLg\Checkers\Brume_Checker.java", "Java", 0, 0, 78, 0, 0, 0, 0, 0, 0, 9, 17, 104
"c:\Users\Utilisateur\Desktop\RB\Dev\MyCodes\GitHub\LoupGarouMinecraftPlugin\src\fr\fitzche\lgmore\RolesLg\Checkers\ComedienChecker.java", "Java", 0, 0, 82, 0, 0, 0, 0, 0, 0, 9, 23, 114
"c:\Users\Utilisateur\Desktop\RB\Dev\MyCodes\GitHub\LoupGarouMinecraftPlugin\src\fr\fitzche\lgmore\RolesLg\Checkers\EnfantChecker.java", "Java", 0, 0, 81, 0, 0, 0, 0, 0, 0, 11, 27, 119
"c:\Users\Utilisateur\Desktop\RB\Dev\MyCodes\GitHub\LoupGarouMinecraftPlugin\src\fr\fitzche\lgmore\RolesLg\Checkers\ErmiteChecker.java", "Java", 0, 0, 84, 0, 0, 0, 0, 0, 0, 9, 25, 118
"c:\Users\Utilisateur\Desktop\RB\Dev\MyCodes\GitHub\LoupGarouMinecraftPlugin\src\fr\fitzche\lgmore\RolesLg\Checkers\FauconChecker.java", "Java", 0, 0, 85, 0, 0, 0, 0, 0, 0, 11, 28, 124
"c:\Users\Utilisateur\Desktop\RB\Dev\MyCodes\GitHub\LoupGarouMinecraftPlugin\src\fr\fitzche\lgmore\RolesLg\Checkers\IDV_Checker.java", "Java", 0, 0, 78, 0, 0, 0, 0, 0, 0, 10, 16, 104
"c:\Users\Utilisateur\Desktop\RB\Dev\MyCodes\GitHub\LoupGarouMinecraftPlugin\src\fr\fitzche\lgmore\RolesLg\Checkers\LgBarbare_Checker.java", "Java", 0, 0, 67, 0, 0, 0, 0, 0, 0, 11, 25, 103
"c:\Users\Utilisateur\Desktop\RB\Dev\MyCodes\GitHub\LoupGarouMinecraftPlugin\src\fr\fitzche\lgmore\RolesLg\Checkers\MysticChecker.java", "Java", 0, 0, 68, 0, 0, 0, 0, 0, 0, 11, 24, 103
"c:\Users\Utilisateur\Desktop\RB\Dev\MyCodes\GitHub\LoupGarouMinecraftPlugin\src\fr\fitzche\lgmore\RolesLg\Checkers\NecroChecker.java", "Java", 0, 0, 83, 0, 0, 0, 0, 0, 0, 10, 24, 117
"c:\Users\Utilisateur\Desktop\RB\Dev\MyCodes\GitHub\LoupGarouMinecraftPlugin\src\fr\fitzche\lgmore\RolesLg\Checkers\ParrainChecker.java", "Java", 0, 0, 68, 0, 0, 0, 0, 0, 0, 11, 16, 95
"c:\Users\Utilisateur\Desktop\RB\Dev\MyCodes\GitHub\LoupGarouMinecraftPlugin\src\fr\fitzche\lgmore\RolesLg\Checkers\PoisonVirusChecker.java", "Java", 0, 0, 69, 0, 0, 0, 0, 0, 0, 11, 18, 98
"c:\Users\Utilisateur\Desktop\RB\Dev\MyCodes\GitHub\LoupGarouMinecraftPlugin\src\fr\fitzche\lgmore\RolesLg\Checkers\RegisterCheck.java", "Java", 0, 0, 176, 0, 0, 0, 0, 0, 0, 4, 39, 219
"c:\Users\Utilisateur\Desktop\RB\Dev\MyCodes\GitHub\LoupGarouMinecraftPlugin\src\fr\fitzche\lgmore\RolesLg\Checkers\SanguinaireChecker.java", "Java", 0, 0, 65, 0, 0, 0, 0, 0, 0, 11, 23, 99
"c:\Users\Utilisateur\Desktop\RB\Dev\MyCodes\GitHub\LoupGarouMinecraftPlugin\src\fr\fitzche\lgmore\RolesLg\Checkers\SoeurChecker.java", "Java", 0, 0, 73, 0, 0, 0, 0, 0, 0, 11, 16, 100
"c:\Users\Utilisateur\Desktop\RB\Dev\MyCodes\GitHub\LoupGarouMinecraftPlugin\src\fr\fitzche\lgmore\RolesLg\Checkers\TimeresCheck.java", "Java", 0, 0, 61, 0, 0, 0, 0, 0, 0, 10, 23, 94
"c:\Users\Utilisateur\Desktop\RB\Dev\MyCodes\GitHub\LoupGarouMinecraftPlugin\src\fr\fitzche\lgmore\RolesLg\Checkers\TrackRes.java", "Java", 0, 0, 67, 0, 0, 0, 0, 0, 0, 11, 25, 103
"c:\Users\Utilisateur\Desktop\RB\Dev\MyCodes\GitHub\LoupGarouMinecraftPlugin\src\fr\fitzche\lgmore\RolesLg\Checkers\VirusChecker.java", "Java", 0, 0, 81, 0, 0, 0, 0, 0, 0, 10, 19, 110
"c:\Users\Utilisateur\Desktop\RB\Dev\MyCodes\GitHub\LoupGarouMinecraftPlugin\src\fr\fitzche\lgmore\RolesLg\Checkers\VoleurChecker.java", "Java", 0, 0, 83, 0, 0, 0, 0, 0, 0, 11, 21, 115
"c:\Users\Utilisateur\Desktop\RB\Dev\MyCodes\GitHub\LoupGarouMinecraftPlugin\src\fr\fitzche\lgmore\RolesLg\Checkers\VoteChecker.java", "Java", 0, 0, 73, 0, 0, 0, 0, 0, 0, 11, 18, 102
"c:\Users\Utilisateur\Desktop\RB\Dev\MyCodes\GitHub\LoupGarouMinecraftPlugin\src\fr\fitzche\lgmore\RolesLg\Checkers\craintifChecker.java", "Java", 0, 0, 85, 0, 0, 0, 0, 0, 0, 9, 23, 117
"c:\Users\Utilisateur\Desktop\RB\Dev\MyCodes\GitHub\LoupGarouMinecraftPlugin\src\fr\fitzche\lgmore\RolesLg\Checkers\damneChecker.java", "Java", 0, 0, 64, 0, 0, 0, 0, 0, 0, 11, 24, 99
"c:\Users\Utilisateur\Desktop\RB\Dev\MyCodes\GitHub\LoupGarouMinecraftPlugin\src\fr\fitzche\lgmore\RolesLg\Checkers\demonChecker.java", "Java", 0, 0, 126, 0, 0, 0, 0, 0, 0, 9, 33, 168
"c:\Users\Utilisateur\Desktop\RB\Dev\MyCodes\GitHub\LoupGarouMinecraftPlugin\src\fr\fitzche\lgmore\RolesLg\Checkers\servantLgChecker.java", "Java", 0, 0, 76, 0, 0, 0, 0, 0, 0, 9, 25, 110
"c:\Users\Utilisateur\Desktop\RB\Dev\MyCodes\GitHub\LoupGarouMinecraftPlugin\src\fr\fitzche\lgmore\RolesLg\Checkers\thierceAnge_Checker.java", "Java", 0, 0, 68, 0, 0, 0, 0, 0, 0, 10, 19, 97
"c:\Users\Utilisateur\Desktop\RB\Dev\MyCodes\GitHub\LoupGarouMinecraftPlugin\src\fr\fitzche\lgmore\RolesLg\DAMNE.java", "Java", 0, 0, 80, 0, 0, 0, 0, 0, 0, 6, 37, 123
"c:\Users\Utilisateur\Desktop\RB\Dev\MyCodes\GitHub\LoupGarouMinecraftPlugin\src\fr\fitzche\lgmore\RolesLg\DEMON.java", "Java", 0, 0, 190, 0, 0, 0, 0, 0, 0, 5, 70, 265
"c:\Users\Utilisateur\Desktop\RB\Dev\MyCodes\GitHub\LoupGarouMinecraftPlugin\src\fr\fitzche\lgmore\RolesLg\DISCIPLE.java", "Java", 0, 0, 195, 0, 0, 0, 0, 0, 0, 5, 56, 256
"c:\Users\Utilisateur\Desktop\RB\Dev\MyCodes\GitHub\LoupGarouMinecraftPlugin\src\fr\fitzche\lgmore\RolesLg\ENFANT_SAUVAGE.java", "Java", 0, 0, 115, 0, 0, 0, 0, 0, 0, 9, 53, 177
"c:\Users\Utilisateur\Desktop\RB\Dev\MyCodes\GitHub\LoupGarouMinecraftPlugin\src\fr\fitzche\lgmore\RolesLg\ERMITE.java", "Java", 0, 0, 90, 0, 0, 0, 0, 0, 0, 6, 35, 131
"c:\Users\Utilisateur\Desktop\RB\Dev\MyCodes\GitHub\LoupGarouMinecraftPlugin\src\fr\fitzche\lgmore\RolesLg\FAUCONNIER.java", "Java", 0, 0, 85, 0, 0, 0, 0, 0, 0, 10, 32, 127
"c:\Users\Utilisateur\Desktop\RB\Dev\MyCodes\GitHub\LoupGarouMinecraftPlugin\src\fr\fitzche\lgmore\RolesLg\IDIOT_DU_VILLAGE.java", "Java", 0, 0, 77, 0, 0, 0, 0, 0, 0, 10, 32, 119
"c:\Users\Utilisateur\Desktop\RB\Dev\MyCodes\GitHub\LoupGarouMinecraftPlugin\src\fr\fitzche\lgmore\RolesLg\INFECT_PERE_DES_LOUPS.java", "Java", 0, 0, 117, 0, 0, 0, 0, 0, 0, 9, 61, 187
"c:\Users\Utilisateur\Desktop\RB\Dev\MyCodes\GitHub\LoupGarouMinecraftPlugin\src\fr\fitzche\lgmore\RolesLg\INTERPRETE.java", "Java", 0, 0, 154, 0, 0, 0, 0, 0, 0, 3, 48, 205
"c:\Users\Utilisateur\Desktop\RB\Dev\MyCodes\GitHub\LoupGarouMinecraftPlugin\src\fr\fitzche\lgmore\RolesLg\Infections\Virus.java", "Java", 0, 0, 197, 0, 0, 0, 0, 0, 0, 0, 41, 238
"c:\Users\Utilisateur\Desktop\RB\Dev\MyCodes\GitHub\LoupGarouMinecraftPlugin\src\fr\fitzche\lgmore\RolesLg\Infections\VirusType.java", "Java", 0, 0, 4, 0, 0, 0, 0, 0, 0, 0, 2, 6
"c:\Users\Utilisateur\Desktop\RB\Dev\MyCodes\GitHub\LoupGarouMinecraftPlugin\src\fr\fitzche\lgmore\RolesLg\LOUP_ALCHIMISTE.java", "Java", 0, 0, 168, 0, 0, 0, 0, 0, 0, 8, 60, 236
"c:\Users\Utilisateur\Desktop\RB\Dev\MyCodes\GitHub\LoupGarouMinecraftPlugin\src\fr\fitzche\lgmore\RolesLg\LOUP_BARBARE.java", "Java", 0, 0, 74, 0, 0, 0, 0, 0, 0, 10, 37, 121
"c:\Users\Utilisateur\Desktop\RB\Dev\MyCodes\GitHub\LoupGarouMinecraftPlugin\src\fr\fitzche\lgmore\RolesLg\LOUP_BRUMEUX.java", "Java", 0, 0, 111, 0, 0, 0, 0, 0, 0, 9, 49, 169
"c:\Users\Utilisateur\Desktop\RB\Dev\MyCodes\GitHub\LoupGarouMinecraftPlugin\src\fr\fitzche\lgmore\RolesLg\LOUP_CRAINTIF.java", "Java", 0, 0, 102, 0, 0, 0, 0, 0, 0, 9, 45, 156
"c:\Users\Utilisateur\Desktop\RB\Dev\MyCodes\GitHub\LoupGarouMinecraftPlugin\src\fr\fitzche\lgmore\RolesLg\LOUP_GRIMEUR.java", "Java", 0, 0, 100, 0, 0, 0, 0, 0, 0, 9, 52, 161
"c:\Users\Utilisateur\Desktop\RB\Dev\MyCodes\GitHub\LoupGarouMinecraftPlugin\src\fr\fitzche\lgmore\RolesLg\LOUP_HURLEUR.java", "Java", 0, 0, 114, 0, 0, 0, 0, 0, 0, 9, 47, 170
"c:\Users\Utilisateur\Desktop\RB\Dev\MyCodes\GitHub\LoupGarouMinecraftPlugin\src\fr\fitzche\lgmore\RolesLg\LOUP_MANIPULATEUR.java", "Java", 0, 0, 93, 0, 0, 0, 0, 0, 0, 13, 37, 143
"c:\Users\Utilisateur\Desktop\RB\Dev\MyCodes\GitHub\LoupGarouMinecraftPlugin\src\fr\fitzche\lgmore\RolesLg\LOUP_METAMORPHE.java", "Java", 0, 0, 95, 0, 0, 0, 0, 0, 0, 9, 40, 144
"c:\Users\Utilisateur\Desktop\RB\Dev\MyCodes\GitHub\LoupGarouMinecraftPlugin\src\fr\fitzche\lgmore\RolesLg\LOUP_MYSTIQUE.java", "Java", 0, 0, 97, 0, 0, 0, 0, 0, 0, 10, 51, 158
"c:\Users\Utilisateur\Desktop\RB\Dev\MyCodes\GitHub\LoupGarouMinecraftPlugin\src\fr\fitzche\lgmore\RolesLg\LOUP_SANGUINAIRE.java", "Java", 0, 0, 87, 0, 0, 0, 0, 0, 0, 10, 44, 141
"c:\Users\Utilisateur\Desktop\RB\Dev\MyCodes\GitHub\LoupGarouMinecraftPlugin\src\fr\fitzche\lgmore\RolesLg\MONTREUR.java", "Java", 0, 0, 86, 0, 0, 0, 0, 0, 0, 6, 31, 123
"c:\Users\Utilisateur\Desktop\RB\Dev\MyCodes\GitHub\LoupGarouMinecraftPlugin\src\fr\fitzche\lgmore\RolesLg\NECROMANCIEN.java", "Java", 0, 0, 82, 0, 0, 0, 0, 0, 0, 11, 33, 126
"c:\Users\Utilisateur\Desktop\RB\Dev\MyCodes\GitHub\LoupGarouMinecraftPlugin\src\fr\fitzche\lgmore\RolesLg\NEGOCIATEUR.java", "Java", 0, 0, 111, 0, 0, 0, 0, 0, 0, 4, 44, 159
"c:\Users\Utilisateur\Desktop\RB\Dev\MyCodes\GitHub\LoupGarouMinecraftPlugin\src\fr\fitzche\lgmore\RolesLg\PARRAIN.java", "Java", 0, 0, 138, 0, 0, 0, 0, 0, 0, 4, 47, 189
"c:\Users\Utilisateur\Desktop\RB\Dev\MyCodes\GitHub\LoupGarouMinecraftPlugin\src\fr\fitzche\lgmore\RolesLg\PERFIDE.java", "Java", 0, 0, 101, 0, 0, 0, 0, 0, 0, 4, 48, 153
"c:\Users\Utilisateur\Desktop\RB\Dev\MyCodes\GitHub\LoupGarouMinecraftPlugin\src\fr\fitzche\lgmore\RolesLg\PETITE_FILLE.java", "Java", 0, 0, 99, 0, 0, 0, 0, 0, 0, 4, 45, 148
"c:\Users\Utilisateur\Desktop\RB\Dev\MyCodes\GitHub\LoupGarouMinecraftPlugin\src\fr\fitzche\lgmore\RolesLg\PYROMANE.java", "Java", 0, 0, 206, 0, 0, 0, 0, 0, 0, 5, 59, 270
"c:\Users\Utilisateur\Desktop\RB\Dev\MyCodes\GitHub\LoupGarouMinecraftPlugin\src\fr\fitzche\lgmore\RolesLg\RENARD.java", "Java", 0, 0, 122, 0, 0, 0, 0, 0, 0, 8, 53, 183
"c:\Users\Utilisateur\Desktop\RB\Dev\MyCodes\GitHub\LoupGarouMinecraftPlugin\src\fr\fitzche\lgmore\RolesLg\RoleDisplay.java", "Java", 0, 0, 71, 0, 0, 0, 0, 0, 0, 1, 33, 105
"c:\Users\Utilisateur\Desktop\RB\Dev\MyCodes\GitHub\LoupGarouMinecraftPlugin\src\fr\fitzche\lgmore\RolesLg\RolesLg.java", "Java", 0, 0, 117, 0, 0, 0, 0, 0, 0, 0, 19, 136
"c:\Users\Utilisateur\Desktop\RB\Dev\MyCodes\GitHub\LoupGarouMinecraftPlugin\src\fr\fitzche\lgmore\RolesLg\SAGE.java", "Java", 0, 0, 96, 0, 0, 0, 0, 0, 0, 8, 34, 138
"c:\Users\Utilisateur\Desktop\RB\Dev\MyCodes\GitHub\LoupGarouMinecraftPlugin\src\fr\fitzche\lgmore\RolesLg\SALVATEUR.java", "Java", 0, 0, 105, 0, 0, 0, 0, 0, 0, 7, 38, 150
"c:\Users\Utilisateur\Desktop\RB\Dev\MyCodes\GitHub\LoupGarouMinecraftPlugin\src\fr\fitzche\lgmore\RolesLg\SIMPLE_VILLAGER.java", "Java", 0, 0, 90, 0, 0, 0, 0, 0, 0, 7, 34, 131
"c:\Users\Utilisateur\Desktop\RB\Dev\MyCodes\GitHub\LoupGarouMinecraftPlugin\src\fr\fitzche\lgmore\RolesLg\SIMPLE_WOLF.java", "Java", 0, 0, 83, 0, 0, 0, 0, 0, 0, 10, 44, 137
"c:\Users\Utilisateur\Desktop\RB\Dev\MyCodes\GitHub\LoupGarouMinecraftPlugin\src\fr\fitzche\lgmore\RolesLg\SOEUR.java", "Java", 0, 0, 108, 0, 0, 0, 0, 0, 0, 6, 36, 150
"c:\Users\Utilisateur\Desktop\RB\Dev\MyCodes\GitHub\LoupGarouMinecraftPlugin\src\fr\fitzche\lgmore\RolesLg\SORCIER.java", "Java", 0, 0, 88, 0, 0, 0, 0, 0, 0, 7, 38, 133
"c:\Users\Utilisateur\Desktop\RB\Dev\MyCodes\GitHub\LoupGarouMinecraftPlugin\src\fr\fitzche\lgmore\RolesLg\SORCIERE.java", "Java", 0, 0, 105, 0, 0, 0, 0, 0, 0, 9, 38, 152
"c:\Users\Utilisateur\Desktop\RB\Dev\MyCodes\GitHub\LoupGarouMinecraftPlugin\src\fr\fitzche\lgmore\RolesLg\SWAPPER.java", "Java", 0, 0, 72, 0, 0, 0, 0, 0, 0, 13, 31, 116
"c:\Users\Utilisateur\Desktop\RB\Dev\MyCodes\GitHub\LoupGarouMinecraftPlugin\src\fr\fitzche\lgmore\RolesLg\Servant_des_loups.java", "Java", 0, 0, 79, 0, 0, 0, 0, 0, 0, 11, 32, 122
"c:\Users\Utilisateur\Desktop\RB\Dev\MyCodes\GitHub\LoupGarouMinecraftPlugin\src\fr\fitzche\lgmore\RolesLg\THANOS.java", "Java", 0, 0, 121, 0, 0, 0, 0, 0, 0, 5, 50, 176
"c:\Users\Utilisateur\Desktop\RB\Dev\MyCodes\GitHub\LoupGarouMinecraftPlugin\src\fr\fitzche\lgmore\RolesLg\THIERCE_ANGE.java", "Java", 0, 0, 106, 0, 0, 0, 0, 0, 0, 5, 50, 161
"c:\Users\Utilisateur\Desktop\RB\Dev\MyCodes\GitHub\LoupGarouMinecraftPlugin\src\fr\fitzche\lgmore\RolesLg\TRAQUEUR.java", "Java", 0, 0, 116, 0, 0, 0, 0, 0, 0, 5, 37, 158
"c:\Users\Utilisateur\Desktop\RB\Dev\MyCodes\GitHub\LoupGarouMinecraftPlugin\src\fr\fitzche\lgmore\RolesLg\VOLEUR.java", "Java", 0, 0, 90, 0, 0, 0, 0, 0, 0, 9, 47, 146
"c:\Users\Utilisateur\Desktop\RB\Dev\MyCodes\GitHub\LoupGarouMinecraftPlugin\src\fr\fitzche\lgmore\RolesLg\VOYANTE.java", "Java", 0, 0, 115, 0, 0, 0, 0, 0, 0, 5, 64, 184
"c:\Users\Utilisateur\Desktop\RB\Dev\MyCodes\GitHub\LoupGarouMinecraftPlugin\src\fr\fitzche\lgmore\Timer.java", "Java", 0, 0, 55, 0, 0, 0, 0, 0, 0, 1, 13, 69
"c:\Users\Utilisateur\Desktop\RB\Dev\MyCodes\GitHub\LoupGarouMinecraftPlugin\src\fr\fitzche\lgmore\Util\CommandUtil.java", "Java", 0, 0, 20, 0, 0, 0, 0, 0, 0, 0, 10, 30
"c:\Users\Utilisateur\Desktop\RB\Dev\MyCodes\GitHub\LoupGarouMinecraftPlugin\src\fr\fitzche\lgmore\Util\GameLgUtil.java", "Java", 0, 0, 165, 0, 0, 0, 0, 0, 0, 1, 55, 221
"c:\Users\Utilisateur\Desktop\RB\Dev\MyCodes\GitHub\LoupGarouMinecraftPlugin\src\fr\fitzche\lgmore\Util\HealthSyncer.java", "Java", 0, 0, 61, 0, 0, 0, 0, 0, 0, 0, 14, 75
"c:\Users\Utilisateur\Desktop\RB\Dev\MyCodes\GitHub\LoupGarouMinecraftPlugin\src\fr\fitzche\lgmore\Util\InventoryUtil.java", "Java", 0, 0, 38, 0, 0, 0, 0, 0, 0, 1, 11, 50
"c:\Users\Utilisateur\Desktop\RB\Dev\MyCodes\GitHub\LoupGarouMinecraftPlugin\src\fr\fitzche\lgmore\Util\ItemUtil.java", "Java", 0, 0, 159, 0, 0, 0, 0, 0, 0, 8, 31, 198
"c:\Users\Utilisateur\Desktop\RB\Dev\MyCodes\GitHub\LoupGarouMinecraftPlugin\src\fr\fitzche\lgmore\Util\LineLocationHelper.java", "Java", 0, 0, 82, 0, 0, 0, 0, 0, 0, 57, 32, 171
"c:\Users\Utilisateur\Desktop\RB\Dev\MyCodes\GitHub\LoupGarouMinecraftPlugin\src\fr\fitzche\lgmore\Util\LineRapport.java", "Java", 0, 0, 15, 0, 0, 0, 0, 0, 0, 0, 8, 23
"c:\Users\Utilisateur\Desktop\RB\Dev\MyCodes\GitHub\LoupGarouMinecraftPlugin\src\fr\fitzche\lgmore\Util\LocationUtil.java", "Java", 0, 0, 117, 0, 0, 0, 0, 0, 0, 0, 21, 138
"c:\Users\Utilisateur\Desktop\RB\Dev\MyCodes\GitHub\LoupGarouMinecraftPlugin\src\fr\fitzche\lgmore\Util\MathUtil.java", "Java", 0, 0, 64, 0, 0, 0, 0, 0, 0, 0, 16, 80
"c:\Users\Utilisateur\Desktop\RB\Dev\MyCodes\GitHub\LoupGarouMinecraftPlugin\src\fr\fitzche\lgmore\Util\MyStringUtil.java", "Java", 0, 0, 38, 0, 0, 0, 0, 0, 0, 0, 4, 42
"c:\Users\Utilisateur\Desktop\RB\Dev\MyCodes\GitHub\LoupGarouMinecraftPlugin\src\fr\fitzche\lgmore\Util\PlayerUtil.java", "Java", 0, 0, 92, 0, 0, 0, 0, 0, 0, 12, 31, 135
"c:\Users\Utilisateur\Desktop\RB\Dev\MyCodes\GitHub\LoupGarouMinecraftPlugin\src\fr\fitzche\lgmore\Util\PotionUtil.java", "Java", 0, 0, 26, 0, 0, 0, 0, 0, 0, 1, 17, 44
"c:\Users\Utilisateur\Desktop\RB\Dev\MyCodes\GitHub\LoupGarouMinecraftPlugin\src\fr\fitzche\lgmore\Util\Registre.java", "Java", 0, 0, 16, 0, 0, 0, 0, 0, 0, 0, 7, 23
"c:\Users\Utilisateur\Desktop\RB\Dev\MyCodes\GitHub\LoupGarouMinecraftPlugin\src\fr\fitzche\lgmore\Util\RoleUtil.java", "Java", 0, 0, 355, 0, 0, 0, 0, 0, 0, 0, 65, 420
"c:\Users\Utilisateur\Desktop\RB\Dev\MyCodes\GitHub\LoupGarouMinecraftPlugin\src\fr\fitzche\lgmore\Util\VoteEvent.java", "Java", 0, 0, 35, 0, 0, 0, 0, 0, 0, 0, 12, 47
"c:\Users\Utilisateur\Desktop\RB\Dev\MyCodes\GitHub\LoupGarouMinecraftPlugin\src\fr\fitzche\lgmore\Util\WorldUtil.java", "Java", 0, 0, 43, 0, 0, 0, 0, 0, 0, 9, 12, 64
"c:\Users\Utilisateur\Desktop\RB\Dev\MyCodes\GitHub\LoupGarouMinecraftPlugin\src\fr\fitzche\lgmore\bedwars\BedListener.java", "Java", 0, 0, 156, 0, 0, 0, 0, 0, 0, 8, 39, 203
"c:\Users\Utilisateur\Desktop\RB\Dev\MyCodes\GitHub\LoupGarouMinecraftPlugin\src\fr\fitzche\lgmore\bedwars\BedLoc.java", "Java", 0, 0, 12, 0, 0, 0, 0, 0, 0, 0, 7, 19
"c:\Users\Utilisateur\Desktop\RB\Dev\MyCodes\GitHub\LoupGarouMinecraftPlugin\src\fr\fitzche\lgmore\bedwars\BedLocType.java", "Java", 0, 0, 10, 0, 0, 0, 0, 0, 0, 0, 5, 15
"c:\Users\Utilisateur\Desktop\RB\Dev\MyCodes\GitHub\LoupGarouMinecraftPlugin\src\fr\fitzche\lgmore\bedwars\BedTeam.java", "Java", 0, 0, 45, 0, 0, 0, 0, 0, 0, 0, 16, 61
"c:\Users\Utilisateur\Desktop\RB\Dev\MyCodes\GitHub\LoupGarouMinecraftPlugin\src\fr\fitzche\lgmore\bedwars\BedWarMap.java", "Java", 0, 0, 19, 0, 0, 0, 0, 0, 0, 0, 8, 27
"c:\Users\Utilisateur\Desktop\RB\Dev\MyCodes\GitHub\LoupGarouMinecraftPlugin\src\fr\fitzche\lgmore\bedwars\Bedwars.java", "Java", 0, 0, 260, 0, 0, 0, 0, 0, 0, 22, 89, 371
"c:\Users\Utilisateur\Desktop\RB\Dev\MyCodes\GitHub\LoupGarouMinecraftPlugin\src\fr\fitzche\lgmore\bedwars\CW.java", "Java", 0, 0, 22, 0, 0, 0, 0, 0, 0, 0, 6, 28
"c:\Users\Utilisateur\Desktop\RB\Dev\MyCodes\GitHub\LoupGarouMinecraftPlugin\src\fr\fitzche\lgmore\clocktower\ClockCommand.java", "Java", 0, 0, 35, 0, 0, 0, 0, 0, 0, 0, 8, 43
"c:\Users\Utilisateur\Desktop\RB\Dev\MyCodes\GitHub\LoupGarouMinecraftPlugin\src\fr\fitzche\lgmore\clocktower\ClockListGenerator.java", "Java", 0, 0, 27, 0, 0, 0, 0, 0, 0, 0, 10, 37
"c:\Users\Utilisateur\Desktop\RB\Dev\MyCodes\GitHub\LoupGarouMinecraftPlugin\src\fr\fitzche\lgmore\clocktower\ClockRole.java", "Java", 0, 0, 21, 0, 0, 0, 0, 0, 0, 14, 9, 44
"c:\Users\Utilisateur\Desktop\RB\Dev\MyCodes\GitHub\LoupGarouMinecraftPlugin\src\fr\fitzche\lgmore\clocktower\ClockRoleData.java", "Java", 0, 0, 7, 0, 0, 0, 0, 0, 0, 0, 2, 9
"c:\Users\Utilisateur\Desktop\RB\Dev\MyCodes\GitHub\LoupGarouMinecraftPlugin\src\fr\fitzche\lgmore\clocktower\ClockRoleSet.java", "Java", 0, 0, 29, 0, 0, 0, 0, 0, 0, 0, 11, 40
"c:\Users\Utilisateur\Desktop\RB\Dev\MyCodes\GitHub\LoupGarouMinecraftPlugin\src\fr\fitzche\lgmore\clocktower\ClockTower.java", "Java", 0, 0, 137, 0, 0, 0, 0, 0, 0, 48, 38, 223
"c:\Users\Utilisateur\Desktop\RB\Dev\MyCodes\GitHub\LoupGarouMinecraftPlugin\src\fr\fitzche\lgmore\clocktower\EvilData.java", "Java", 0, 0, 25, 0, 0, 0, 0, 0, 0, 3, 8, 36
"c:\Users\Utilisateur\Desktop\RB\Dev\MyCodes\GitHub\LoupGarouMinecraftPlugin\src\fr\fitzche\lgmore\commands\FutureAction.java", "Java", 0, 0, 10, 0, 0, 0, 0, 0, 0, 0, 5, 15
"c:\Users\Utilisateur\Desktop\RB\Dev\MyCodes\GitHub\LoupGarouMinecraftPlugin\src\fr\fitzche\lgmore\commands\Hub.java", "Java", 0, 0, 68, 0, 0, 0, 0, 0, 0, 0, 26, 94
"c:\Users\Utilisateur\Desktop\RB\Dev\MyCodes\GitHub\LoupGarouMinecraftPlugin\src\fr\fitzche\lgmore\commands\Lg.java", "Java", 0, 0, 560, 0, 0, 0, 0, 0, 0, 1, 126, 687
"c:\Users\Utilisateur\Desktop\RB\Dev\MyCodes\GitHub\LoupGarouMinecraftPlugin\src\fr\fitzche\lgmore\commands\LgTab.java", "Java", 0, 0, 58, 0, 0, 0, 0, 0, 0, 1, 13, 72
"c:\Users\Utilisateur\Desktop\RB\Dev\MyCodes\GitHub\LoupGarouMinecraftPlugin\src\fr\fitzche\lgmore\commands\Lga.java", "Java", 0, 0, 993, 0, 0, 0, 0, 0, 0, 5, 251, 1249
"c:\Users\Utilisateur\Desktop\RB\Dev\MyCodes\GitHub\LoupGarouMinecraftPlugin\src\fr\fitzche\lgmore\commands\Rejoin.java", "Java", 0, 0, 28, 0, 0, 0, 0, 0, 0, 0, 9, 37
"c:\Users\Utilisateur\Desktop\RB\Dev\MyCodes\GitHub\LoupGarouMinecraftPlugin\src\fr\fitzche\lgmore\commands\SpecialItemHolder.java", "Java", 0, 0, 139, 0, 0, 0, 0, 0, 0, 4, 31, 174
"c:\Users\Utilisateur\Desktop\RB\Dev\MyCodes\GitHub\LoupGarouMinecraftPlugin\src\fr\fitzche\lgmore\commands\Star.java", "Java", 0, 0, 120, 0, 0, 0, 0, 0, 0, 0, 14, 134
"c:\Users\Utilisateur\Desktop\RB\Dev\MyCodes\GitHub\LoupGarouMinecraftPlugin\src\fr\fitzche\lgmore\custom\CustomGame.java", "Java", 0, 0, 147, 0, 0, 0, 0, 0, 0, 6, 30, 183
"c:\Users\Utilisateur\Desktop\RB\Dev\MyCodes\GitHub\LoupGarouMinecraftPlugin\src\fr\fitzche\lgmore\custom\CustomGameDataSet.java", "Java", 0, 0, 17, 0, 0, 0, 0, 0, 0, 3, 8, 28
"c:\Users\Utilisateur\Desktop\RB\Dev\MyCodes\GitHub\LoupGarouMinecraftPlugin\src\fr\fitzche\lgmore\custom\CustomGameType.java", "Java", 0, 0, 25, 0, 0, 0, 0, 0, 0, 0, 20, 45
"c:\Users\Utilisateur\Desktop\RB\Dev\MyCodes\GitHub\LoupGarouMinecraftPlugin\src\fr\fitzche\lgmore\custom\CustomParam.java", "Java", 0, 0, 4, 0, 0, 0, 0, 0, 0, 0, 4, 8
"c:\Users\Utilisateur\Desktop\RB\Dev\MyCodes\GitHub\LoupGarouMinecraftPlugin\src\fr\fitzche\lgmore\custom\CustomRole.java", "Java", 0, 0, 15, 0, 0, 0, 0, 0, 0, 0, 5, 20
"c:\Users\Utilisateur\Desktop\RB\Dev\MyCodes\GitHub\LoupGarouMinecraftPlugin\src\fr\fitzche\lgmore\custom\CustomTimer.java", "Java", 0, 0, 55, 0, 0, 0, 0, 0, 0, 1, 13, 69
"c:\Users\Utilisateur\Desktop\RB\Dev\MyCodes\GitHub\LoupGarouMinecraftPlugin\src\fr\fitzche\lgmore\custom\RoleSet.java", "Java", 0, 0, 9, 0, 0, 0, 0, 0, 0, 0, 8, 17
"c:\Users\Utilisateur\Desktop\RB\Dev\MyCodes\GitHub\LoupGarouMinecraftPlugin\src\fr\fitzche\lgmore\minecraft\GameListener.java", "Java", 0, 0, 16, 0, 0, 0, 0, 0, 0, 0, 8, 24
"c:\Users\Utilisateur\Desktop\RB\Dev\MyCodes\GitHub\LoupGarouMinecraftPlugin\src\fr\fitzche\lgmore\minecraft\PlayerDataLeft.java", "Java", 0, 0, 25, 0, 0, 0, 0, 0, 0, 0, 10, 35
"c:\Users\Utilisateur\Desktop\RB\Dev\MyCodes\GitHub\LoupGarouMinecraftPlugin\src\fr\fitzche\lgmore\minecraft\ResCheck.java", "Java", 0, 0, 20, 0, 0, 0, 0, 0, 0, 0, 9, 29
"c:\Users\Utilisateur\Desktop\RB\Dev\MyCodes\GitHub\LoupGarouMinecraftPlugin\src\fr\fitzche\lgmore\minecraft\mcListeners.java", "Java", 0, 0, 408, 0, 0, 0, 0, 0, 0, 27, 176, 611
"c:\Users\Utilisateur\Desktop\RB\Dev\MyCodes\GitHub\LoupGarouMinecraftPlugin\src\fr\fitzche\lgmore\scoreboard\BedBoard.java", "Java", 0, 0, 27, 0, 0, 0, 0, 0, 0, 1, 10, 38
"c:\Users\Utilisateur\Desktop\RB\Dev\MyCodes\GitHub\LoupGarouMinecraftPlugin\src\fr\fitzche\lgmore\scoreboard\CustomGameBoard.java", "Java", 0, 0, 25, 0, 0, 0, 0, 0, 0, 0, 12, 37
"c:\Users\Utilisateur\Desktop\RB\Dev\MyCodes\GitHub\LoupGarouMinecraftPlugin\src\fr\fitzche\lgmore\scoreboard\DefaultBoard.java", "Java", 0, 0, 14, 0, 0, 0, 0, 0, 0, 0, 6, 20
"c:\Users\Utilisateur\Desktop\RB\Dev\MyCodes\GitHub\LoupGarouMinecraftPlugin\src\fr\fitzche\lgmore\scoreboard\GameBoard.java", "Java", 0, 0, 4, 0, 0, 0, 0, 0, 0, 0, 3, 7
"c:\Users\Utilisateur\Desktop\RB\Dev\MyCodes\GitHub\LoupGarouMinecraftPlugin\src\fr\fitzche\lgmore\scoreboard\Inventory\CompoDisplay.java", "Java", 0, 0, 82, 0, 0, 0, 0, 0, 0, 0, 36, 118
"c:\Users\Utilisateur\Desktop\RB\Dev\MyCodes\GitHub\LoupGarouMinecraftPlugin\src\fr\fitzche\lgmore\scoreboard\Inventory\ConfigDisplay.java", "Java", 0, 0, 97, 0, 0, 0, 0, 0, 0, 0, 50, 147
"c:\Users\Utilisateur\Desktop\RB\Dev\MyCodes\GitHub\LoupGarouMinecraftPlugin\src\fr\fitzche\lgmore\scoreboard\Inventory\DisplayMenu.java", "Java", 0, 0, 140, 0, 0, 0, 0, 0, 0, 2, 57, 199
"c:\Users\Utilisateur\Desktop\RB\Dev\MyCodes\GitHub\LoupGarouMinecraftPlugin\src\fr\fitzche\lgmore\scoreboard\Inventory\EventDisplay.java", "Java", 0, 0, 143, 0, 0, 0, 0, 0, 0, 2, 56, 201
"c:\Users\Utilisateur\Desktop\RB\Dev\MyCodes\GitHub\LoupGarouMinecraftPlugin\src\fr\fitzche\lgmore\scoreboard\Inventory\GameTypeChoose.java", "Java", 0, 0, 45, 0, 0, 0, 0, 0, 0, 0, 20, 65
"c:\Users\Utilisateur\Desktop\RB\Dev\MyCodes\GitHub\LoupGarouMinecraftPlugin\src\fr\fitzche\lgmore\scoreboard\Inventory\GeneralMenu.java", "Java", 0, 0, 99, 0, 0, 0, 0, 0, 0, 0, 35, 134
"c:\Users\Utilisateur\Desktop\RB\Dev\MyCodes\GitHub\LoupGarouMinecraftPlugin\src\fr\fitzche\lgmore\scoreboard\Inventory\InvFunct.java", "Java", 0, 0, 9, 0, 0, 0, 0, 0, 0, 0, 7, 16
"c:\Users\Utilisateur\Desktop\RB\Dev\MyCodes\GitHub\LoupGarouMinecraftPlugin\src\fr\fitzche\lgmore\scoreboard\Inventory\InventoryDisplay.java", "Java", 0, 0, 46, 0, 0, 0, 0, 0, 0, 0, 19, 65
"c:\Users\Utilisateur\Desktop\RB\Dev\MyCodes\GitHub\LoupGarouMinecraftPlugin\src\fr\fitzche\lgmore\scoreboard\Inventory\JoinChoose.java", "Java", 0, 0, 42, 0, 0, 0, 0, 0, 0, 0, 11, 53
"c:\Users\Utilisateur\Desktop\RB\Dev\MyCodes\GitHub\LoupGarouMinecraftPlugin\src\fr\fitzche\lgmore\scoreboard\Inventory\PlayerDisplay.java", "Java", 0, 0, 123, 0, 0, 0, 0, 0, 0, 49, 59, 231
"c:\Users\Utilisateur\Desktop\RB\Dev\MyCodes\GitHub\LoupGarouMinecraftPlugin\src\fr\fitzche\lgmore\scoreboard\Inventory\PlayerGameListInv.java", "Java", 0, 0, 53, 0, 0, 0, 0, 0, 0, 0, 21, 74
"c:\Users\Utilisateur\Desktop\RB\Dev\MyCodes\GitHub\LoupGarouMinecraftPlugin\src\fr\fitzche\lgmore\scoreboard\Inventory\PresetFunct.java", "Java", 0, 0, 80, 0, 0, 0, 0, 0, 0, 0, 33, 113
"c:\Users\Utilisateur\Desktop\RB\Dev\MyCodes\GitHub\LoupGarouMinecraftPlugin\src\fr\fitzche\lgmore\scoreboard\Inventory\ScenarioInv.java", "Java", 0, 0, 189, 0, 0, 0, 0, 0, 0, 0, 23, 212
"c:\Users\Utilisateur\Desktop\RB\Dev\MyCodes\GitHub\LoupGarouMinecraftPlugin\src\fr\fitzche\lgmore\scoreboard\Inventory\StringChooseInv.java", "Java", 0, 0, 117, 0, 0, 0, 0, 0, 0, 1, 35, 153
"c:\Users\Utilisateur\Desktop\RB\Dev\MyCodes\GitHub\LoupGarouMinecraftPlugin\src\fr\fitzche\lgmore\scoreboard\Inventory\SwapperConfigInv.java", "Java", 0, 0, 94, 0, 0, 0, 0, 0, 0, 0, 13, 107
"c:\Users\Utilisateur\Desktop\RB\Dev\MyCodes\GitHub\LoupGarouMinecraftPlugin\src\fr\fitzche\lgmore\scoreboard\Inventory\VoteInv.java", "Java", 0, 0, 42, 0, 0, 0, 0, 0, 0, 0, 14, 56
"c:\Users\Utilisateur\Desktop\RB\Dev\MyCodes\GitHub\LoupGarouMinecraftPlugin\src\fr\fitzche\lgmore\scoreboard\Inventory\playersDisplay.java", "Java", 0, 0, 113, 0, 0, 0, 0, 0, 0, 5, 55, 173
"c:\Users\Utilisateur\Desktop\RB\Dev\MyCodes\GitHub\LoupGarouMinecraftPlugin\src\fr\fitzche\lgmore\scoreboard\Inventory\sorcierInv.java", "Java", 0, 0, 126, 0, 0, 0, 0, 0, 0, 0, 23, 149
"c:\Users\Utilisateur\Desktop\RB\Dev\MyCodes\GitHub\LoupGarouMinecraftPlugin\src\fr\fitzche\lgmore\scoreboard\ScoreboardLg.java", "Java", 0, 0, 86, 0, 0, 0, 0, 0, 0, 10, 38, 134
"c:\Users\Utilisateur\Desktop\RB\Dev\MyCodes\GitHub\LoupGarouMinecraftPlugin\src\fr\fitzche\lgmore\scoreboard\StarBoard.java", "Java", 0, 0, 32, 0, 0, 0, 0, 0, 0, 0, 14, 46
"c:\Users\Utilisateur\Desktop\RB\Dev\MyCodes\GitHub\LoupGarouMinecraftPlugin\src\fr\fitzche\lgmore\uhc_color\Color.java", "Java", 0, 0, 35, 0, 0, 0, 0, 0, 0, 0, 12, 47
"c:\Users\Utilisateur\Desktop\RB\Dev\MyCodes\GitHub\LoupGarouMinecraftPlugin\src\fr\fitzche\lgmore\uhc_color\Gui\PlayerGui.java", "Java", 0, 0, 86, 0, 0, 0, 0, 0, 0, 1, 29, 116
"c:\Users\Utilisateur\Desktop\RB\Dev\MyCodes\GitHub\LoupGarouMinecraftPlugin\src\fr\fitzche\lgmore\uhc_color\Gui\chooseColorGui.java", "Java", 0, 0, 95, 0, 0, 0, 0, 0, 0, 4, 24, 123
"c:\Users\Utilisateur\Desktop\RB\Dev\MyCodes\GitHub\LoupGarouMinecraftPlugin\src\fr\fitzche\lgmore\uhc_color\MainColor.java", "Java", 0, 0, 64, 0, 0, 0, 0, 0, 0, 0, 27, 91
"c:\Users\Utilisateur\Desktop\RB\Dev\MyCodes\GitHub\LoupGarouMinecraftPlugin\src\fr\fitzche\lgmore\uhc_color\PlayerColorboard\Colorboard.java", "Java", 0, 0, 142, 0, 0, 0, 0, 0, 0, 0, 30, 172
"c:\Users\Utilisateur\Desktop\RB\Dev\MyCodes\GitHub\LoupGarouMinecraftPlugin\testServer\banned-ips.json", "JSON", 0, 1, 0, 0, 0, 0, 0, 0, 0, 0, 0, 1
"c:\Users\Utilisateur\Desktop\RB\Dev\MyCodes\GitHub\LoupGarouMinecraftPlugin\testServer\banned-players.json", "JSON", 0, 1, 0, 0, 0, 0, 0, 0, 0, 0, 0, 1
"c:\Users\Utilisateur\Desktop\RB\Dev\MyCodes\GitHub\LoupGarouMinecraftPlugin\testServer\bukkit.yml", "YAML", 29, 0, 0, 0, 0, 0, 0, 0, 0, 12, 3, 44
"c:\Users\Utilisateur\Desktop\RB\Dev\MyCodes\GitHub\LoupGarouMinecraftPlugin\testServer\commands.yml", "YAML", 4, 0, 0, 0, 0, 0, 0, 0, 0, 11, 2, 17
"c:\Users\Utilisateur\Desktop\RB\Dev\MyCodes\GitHub\LoupGarouMinecraftPlugin\testServer\help.yml", "YAML", 0, 0, 0, 0, 0, 0, 0, 0, 0, 55, 2, 57
"c:\Users\Utilisateur\Desktop\RB\Dev\MyCodes\GitHub\LoupGarouMinecraftPlugin\testServer\logs\2025-02-05-1.log", "Log", 0, 0, 0, 0, 37, 0, 0, 0, 0, 0, 1, 38
"c:\Users\Utilisateur\Desktop\RB\Dev\MyCodes\GitHub\LoupGarouMinecraftPlugin\testServer\logs\2025-02-05-2.log", "Log", 0, 0, 0, 0, 50, 0, 0, 0, 0, 0, 1, 51
"c:\Users\Utilisateur\Desktop\RB\Dev\MyCodes\GitHub\LoupGarouMinecraftPlugin\testServer\logs\2025-02-05-3.log", "Log", 0, 0, 0, 0, 43, 0, 0, 0, 0, 0, 1, 44
"c:\Users\Utilisateur\Desktop\RB\Dev\MyCodes\GitHub\LoupGarouMinecraftPlugin\testServer\logs\2025-02-05-4.log", "Log", 0, 0, 0, 0, 7, 0, 0, 0, 0, 0, 1, 8
"c:\Users\Utilisateur\Desktop\RB\Dev\MyCodes\GitHub\LoupGarouMinecraftPlugin\testServer\logs\latest.log", "Log", 0, 0, 0, 0, 171, 0, 0, 0, 0, 0, 1, 172
"c:\Users\Utilisateur\Desktop\RB\Dev\MyCodes\GitHub\LoupGarouMinecraftPlugin\testServer\ops.json", "JSON", 0, 8, 0, 0, 0, 0, 0, 0, 0, 0, 0, 8
"c:\Users\Utilisateur\Desktop\RB\Dev\MyCodes\GitHub\LoupGarouMinecraftPlugin\testServer\permissions.yml", "YAML", 0, 0, 0, 0, 0, 0, 0, 0, 0, 0, 1, 1
"c:\Users\Utilisateur\Desktop\RB\Dev\MyCodes\GitHub\LoupGarouMinecraftPlugin\testServer\plugins\PluginMetrics\config.yml", "YAML", 3, 0, 0, 0, 0, 0, 0, 0, 0, 1, 1, 5
"c:\Users\Utilisateur\Desktop\RB\Dev\MyCodes\GitHub\LoupGarouMinecraftPlugin\testServer\plugins\WorldEdit\config.yml", "YAML", 46, 0, 0, 0, 0, 0, 0, 0, 0, 16, 12, 74
"c:\Users\Utilisateur\Desktop\RB\Dev\MyCodes\GitHub\LoupGarouMinecraftPlugin\testServer\server.properties", "Java Properties", 0, 0, 0, 36, 0, 0, 0, 0, 0, 2, 1, 39
"c:\Users\Utilisateur\Desktop\RB\Dev\MyCodes\GitHub\LoupGarouMinecraftPlugin\testServer\spigot.yml", "YAML", 121, 0, 0, 0, 0, 0, 0, 0, 0, 11, 2, 134
"c:\Users\Utilisateur\Desktop\RB\Dev\MyCodes\GitHub\LoupGarouMinecraftPlugin\testServer\start.bat", "Batch", 0, 0, 0, 0, 0, 0, 1, 0, 0, 0, 0, 1
"c:\Users\Utilisateur\Desktop\RB\Dev\MyCodes\GitHub\LoupGarouMinecraftPlugin\testServer\usercache.json", "JSON", 0, 1, 0, 0, 0, 0, 0, 0, 0, 0, 0, 1
"c:\Users\Utilisateur\Desktop\RB\Dev\MyCodes\GitHub\LoupGarouMinecraftPlugin\testServer\wepif.yml", "YAML", 26, 0, 0, 0, 0, 0, 0, 0, 0, 21, 3, 50
"c:\Users\Utilisateur\Desktop\RB\Dev\MyCodes\GitHub\LoupGarouMinecraftPlugin\testServer\whitelist.json", "JSON", 0, 1, 0, 0, 0, 0, 0, 0, 0, 0, 0, 1
"c:\Users\Utilisateur\Desktop\RB\Dev\MyCodes\GitHub\LoupGarouMinecraftPlugin\testServer\world\stats\3a33b73a-fab0-4151-b785-3d76c24ff129.json", "JSON", 0, 1, 0, 0, 0, 0, 0, 0, 0, 0, 0, 1
"c:\Users\Utilisateur\Documents\MyCodes\GitHub\LoupGarouMinecraftPlugin\.metadata\.plugins\org.eclipse.core.resources\.projects\Traitors\org.eclipse.egit.core\GitProjectData.properties", "Java Properties", 0, 0, 0, -1, 0, 0, 0, 0, 0, -2, -1, -4
"c:\Users\Utilisateur\Documents\MyCodes\GitHub\LoupGarouMinecraftPlugin\.metadata\.plugins\org.eclipse.jdt.launching\.install.xml", "XML", 0, 0, 0, 0, 0, 0, 0, 0, -5, 0, -1, -6
"c:\Users\Utilisateur\Documents\MyCodes\GitHub\LoupGarouMinecraftPlugin\.metadata\.plugins\org.eclipse.jdt.launching\libraryInfos.xml", "XML", 0, 0, 0, 0, 0, 0, 0, 0, -5, 0, -1, -6
"c:\Users\Utilisateur\Documents\MyCodes\GitHub\LoupGarouMinecraftPlugin\.metadata\.plugins\org.eclipse.jdt.ui\OpenTypeHistory.xml", "XML", 0, 0, 0, 0, 0, 0, 0, 0, -2, 0, -1, -3
"c:\Users\Utilisateur\Documents\MyCodes\GitHub\LoupGarouMinecraftPlugin\.metadata\.plugins\org.eclipse.jdt.ui\QualifiedTypeNameHistory.xml", "XML", 0, 0, 0, 0, 0, 0, 0, 0, -2, 0, -1, -3
"c:\Users\Utilisateur\Documents\MyCodes\GitHub\LoupGarouMinecraftPlugin\.metadata\.plugins\org.eclipse.jdt.ui\dialog_settings.xml", "XML", 0, 0, 0, 0, 0, 0, 0, 0, -14, 0, -1, -15
"c:\Users\Utilisateur\Documents\MyCodes\GitHub\LoupGarouMinecraftPlugin\.metadata\.plugins\org.eclipse.m2e.logback\0.log", "Log", 0, 0, 0, 0, -2, 0, 0, 0, 0, 0, -1, -3
"c:\Users\Utilisateur\Documents\MyCodes\GitHub\LoupGarouMinecraftPlugin\.metadata\.plugins\org.eclipse.m2e.logback\logback.2.2.1.20231030-1438.xml", "XML", 0, 0, 0, 0, 0, 0, 0, 0, -37, 0, -5, -42
"c:\Users\Utilisateur\Documents\MyCodes\GitHub\LoupGarouMinecraftPlugin\.metadata\.plugins\org.eclipse.tips.ide\dialog_settings.xml", "XML", 0, 0, 0, 0, 0, 0, 0, 0, -3, 0, -1, -4
"c:\Users\Utilisateur\Documents\MyCodes\GitHub\LoupGarouMinecraftPlugin\.metadata\.plugins\org.eclipse.ui.ide\dialog_settings.xml", "XML", 0, 0, 0, 0, 0, 0, 0, 0, -16, 0, -1, -17
"c:\Users\Utilisateur\Documents\MyCodes\GitHub\LoupGarouMinecraftPlugin\.metadata\.plugins\org.eclipse.ui.intro\dialog_settings.xml", "XML", 0, 0, 0, 0, 0, 0, 0, 0, -4, 0, -1, -5
"c:\Users\Utilisateur\Documents\MyCodes\GitHub\LoupGarouMinecraftPlugin\.metadata\.plugins\org.eclipse.ui.workbench\dialog_settings.xml", "XML", 0, 0, 0, 0, 0, 0, 0, 0, -3, 0, -1, -4
"c:\Users\Utilisateur\Documents\MyCodes\GitHub\LoupGarouMinecraftPlugin\.metadata\.plugins\org.eclipse.ui.workbench\workingsets.xml", "XML", 0, 0, 0, 0, 0, 0, 0, 0, -6, 0, 0, -6
"c:\Users\Utilisateur\Documents\MyCodes\GitHub\LoupGarouMinecraftPlugin\.metadata\version.ini", "Ini", 0, 0, 0, 0, 0, 0, 0, -3, 0, 0, -1, -4
"c:\Users\Utilisateur\Documents\MyCodes\GitHub\LoupGarouMinecraftPlugin\bin\StarParty\RoleStar.class", "Java", 0, 0, -3, 0, 0, 0, 0, 0, 0, 0, -1, -4
"c:\Users\Utilisateur\Documents\MyCodes\GitHub\LoupGarouMinecraftPlugin\bin\StarParty\Role\Chewbaca.class", "Java", 0, 0, -17, 0, 0, 0, 0, 0, 0, 0, 0, -17
"c:\Users\Utilisateur\Documents\MyCodes\GitHub\LoupGarouMinecraftPlugin\bin\StarParty\Role\DarkMaul.class", "Java", 0, 0, -16, 0, 0, 0, 0, 0, 0, 0, 0, -16
"c:\Users\Utilisateur\Documents\MyCodes\GitHub\LoupGarouMinecraftPlugin\bin\StarParty\Role\DarkVador.class", "Java", 0, 0, -19, 0, 0, 0, 0, 0, 0, 0, 0, -19
"c:\Users\Utilisateur\Documents\MyCodes\GitHub\LoupGarouMinecraftPlugin\bin\StarParty\Role\Dooku.class", "Java", 0, 0, -24, 0, 0, 0, 0, 0, 0, 0, 0, -24
"c:\Users\Utilisateur\Documents\MyCodes\GitHub\LoupGarouMinecraftPlugin\bin\StarParty\Role\Grievous.class", "Java", 0, 0, -16, 0, 0, 0, 0, 0, 0, 0, 0, -16
"c:\Users\Utilisateur\Documents\MyCodes\GitHub\LoupGarouMinecraftPlugin\bin\StarParty\Role\HanSolo.class", "Java", 0, 0, -16, 0, 0, 0, 0, 0, 0, 0, 0, -16
"c:\Users\Utilisateur\Documents\MyCodes\GitHub\LoupGarouMinecraftPlugin\bin\StarParty\Role\Impe.class", "Java", 0, 0, -15, 0, 0, 0, 0, 0, 0, 0, 0, -15
"c:\Users\Utilisateur\Documents\MyCodes\GitHub\LoupGarouMinecraftPlugin\bin\StarParty\Role\Jango$1.class", "Java", 0, 0, -11, 0, 0, 0, 0, 0, 0, 0, 0, -11
"c:\Users\Utilisateur\Documents\MyCodes\GitHub\LoupGarouMinecraftPlugin\bin\StarParty\Role\Jango$10.class", "Java", 0, 0, -10, 0, 0, 0, 0, 0, 0, 0, 0, -10
"c:\Users\Utilisateur\Documents\MyCodes\GitHub\LoupGarouMinecraftPlugin\bin\StarParty\Role\Jango$2.class", "Java", 0, 0, -11, 0, 0, 0, 0, 0, 0, 0, 0, -11
"c:\Users\Utilisateur\Documents\MyCodes\GitHub\LoupGarouMinecraftPlugin\bin\StarParty\Role\Jango$3.class", "Java", 0, 0, -11, 0, 0, 0, 0, 0, 0, 0, 0, -11
"c:\Users\Utilisateur\Documents\MyCodes\GitHub\LoupGarouMinecraftPlugin\bin\StarParty\Role\Jango$4.class", "Java", 0, 0, -11, 0, 0, 0, 0, 0, 0, 0, 0, -11
"c:\Users\Utilisateur\Documents\MyCodes\GitHub\LoupGarouMinecraftPlugin\bin\StarParty\Role\Jango$5.class", "Java", 0, 0, -11, 0, 0, 0, 0, 0, 0, 0, 0, -11
"c:\Users\Utilisateur\Documents\MyCodes\GitHub\LoupGarouMinecraftPlugin\bin\StarParty\Role\Jango$6.class", "Java", 0, 0, -11, 0, 0, 0, 0, 0, 0, 0, 0, -11
"c:\Users\Utilisateur\Documents\MyCodes\GitHub\LoupGarouMinecraftPlugin\bin\StarParty\Role\Jango$7.class", "Java", 0, 0, -11, 0, 0, 0, 0, 0, 0, 0, 0, -11
"c:\Users\Utilisateur\Documents\MyCodes\GitHub\LoupGarouMinecraftPlugin\bin\StarParty\Role\Jango$8.class", "Java", 0, 0, -11, 0, 0, 0, 0, 0, 0, 0, 0, -11
"c:\Users\Utilisateur\Documents\MyCodes\GitHub\LoupGarouMinecraftPlugin\bin\StarParty\Role\Jango$9.class", "Java", 0, 0, -11, 0, 0, 0, 0, 0, 0, 0, 0, -11
"c:\Users\Utilisateur\Documents\MyCodes\GitHub\LoupGarouMinecraftPlugin\bin\StarParty\Role\Jango.class", "Java", 0, 0, -64, 0, 0, 0, 0, 0, 0, 0, 0, -64
"c:\Users\Utilisateur\Documents\MyCodes\GitHub\LoupGarouMinecraftPlugin\bin\StarParty\Role\Leila.class", "Java", 0, 0, -15, 0, 0, 0, 0, 0, 0, 0, 0, -15
"c:\Users\Utilisateur\Documents\MyCodes\GitHub\LoupGarouMinecraftPlugin\bin\StarParty\Role\Luke.class", "Java", 0, 0, -22, 0, 0, 0, 0, 0, 0, 0, 0, -22
"c:\Users\Utilisateur\Documents\MyCodes\GitHub\LoupGarouMinecraftPlugin\bin\StarParty\Role\Obiwan.class", "Java", 0, 0, -17, 0, 0, 0, 0, 0, 0, 0, 0, -17
"c:\Users\Utilisateur\Documents\MyCodes\GitHub\LoupGarouMinecraftPlugin\bin\StarParty\Role\Palpatine.class", "Java", 0, 0, -16, 0, 0, 0, 0, 0, 0, 0, 0, -16
"c:\Users\Utilisateur\Documents\MyCodes\GitHub\LoupGarouMinecraftPlugin\bin\StarParty\Role\QuiGon.class", "Java", 0, 0, -17, 0, 0, 0, 0, 0, 0, 0, 0, -17
"c:\Users\Utilisateur\Documents\MyCodes\GitHub\LoupGarouMinecraftPlugin\bin\StarParty\Role\Stormtrooper.class", "Java", 0, 0, -7, 0, 0, 0, 0, 0, 0, 0, 0, -7
"c:\Users\Utilisateur\Documents\MyCodes\GitHub\LoupGarouMinecraftPlugin\bin\StarParty\Role\Windu.class", "Java", 0, 0, -14, 0, 0, 0, 0, 0, 0, 0, 0, -14
"c:\Users\Utilisateur\Documents\MyCodes\GitHub\LoupGarouMinecraftPlugin\bin\StarParty\Role\Yoda.class", "Java", 0, 0, -15, 0, 0, 0, 0, 0, 0, 0, 0, -15
"c:\Users\Utilisateur\Documents\MyCodes\GitHub\LoupGarouMinecraftPlugin\bin\StarParty\RolesStar.class", "Java", 0, 0, -23, 0, 0, 0, 0, 0, 0, 0, 0, -23
"c:\Users\Utilisateur\Documents\MyCodes\GitHub\LoupGarouMinecraftPlugin\bin\StarParty\StarListener$1.class", "Java", 0, 0, -18, 0, 0, 0, 0, 0, 0, 0, 0, -18
"c:\Users\Utilisateur\Documents\MyCodes\GitHub\LoupGarouMinecraftPlugin\bin\StarParty\StarListener$2.class", "Java", 0, 0, -18, 0, 0, 0, 0, 0, 0, 0, 0, -18
"c:\Users\Utilisateur\Documents\MyCodes\GitHub\LoupGarouMinecraftPlugin\bin\StarParty\StarListener$3.class", "Java", 0, 0, -18, 0, 0, 0, 0, 0, 0, 0, 0, -18
"c:\Users\Utilisateur\Documents\MyCodes\GitHub\LoupGarouMinecraftPlugin\bin\StarParty\StarListener$4.class", "Java", 0, 0, -18, 0, 0, 0, 0, 0, 0, 0, 0, -18
"c:\Users\Utilisateur\Documents\MyCodes\GitHub\LoupGarouMinecraftPlugin\bin\StarParty\StarListener$5.class", "Java", 0, 0, -18, 0, 0, 0, 0, 0, 0, 0, 0, -18
"c:\Users\Utilisateur\Documents\MyCodes\GitHub\LoupGarouMinecraftPlugin\bin\StarParty\StarListener$6.class", "Java", 0, 0, -18, 0, 0, 0, 0, 0, 0, 0, 0, -18
"c:\Users\Utilisateur\Documents\MyCodes\GitHub\LoupGarouMinecraftPlugin\bin\StarParty\StarListener$7.class", "Java", 0, 0, -18, 0, 0, 0, 0, 0, 0, 0, 0, -18
"c:\Users\Utilisateur\Documents\MyCodes\GitHub\LoupGarouMinecraftPlugin\bin\StarParty\StarListener$8.class", "Java", 0, 0, -18, 0, 0, 0, 0, 0, 0, 0, 0, -18
"c:\Users\Utilisateur\Documents\MyCodes\GitHub\LoupGarouMinecraftPlugin\bin\StarParty\StarListener$9.class", "Java", 0, 0, -14, 0, 0, 0, 0, 0, 0, 0, -1, -15
"c:\Users\Utilisateur\Documents\MyCodes\GitHub\LoupGarouMinecraftPlugin\bin\StarParty\StarListener.class", "Java", 0, 0, -109, 0, 0, 0, 0, 0, 0, 0, 0, -109
"c:\Users\Utilisateur\Documents\MyCodes\GitHub\LoupGarouMinecraftPlugin\bin\StarParty\StarParty$1.class", "Java", 0, 0, -15, 0, 0, 0, 0, 0, 0, 0, 0, -15
"c:\Users\Utilisateur\Documents\MyCodes\GitHub\LoupGarouMinecraftPlugin\bin\StarParty\StarParty.class", "Java", 0, 0, -76, 0, 0, 0, 0, 0, 0, 0, -1, -77
"c:\Users\Utilisateur\Documents\MyCodes\GitHub\LoupGarouMinecraftPlugin\bin\StarParty\StarUtil.class", "Java", 0, 0, -32, 0, 0, 0, 0, 0, 0, 0, 0, -32
"c:\Users\Utilisateur\Documents\MyCodes\GitHub\LoupGarouMinecraftPlugin\bin\WorldEditUtil\BiomeChanger.class", "Java", 0, 0, -19, 0, 0, 0, 0, 0, 0, 0, 0, -19
"c:\Users\Utilisateur\Documents\MyCodes\GitHub\LoupGarouMinecraftPlugin\bin\WorldEditUtil\EmptyWorldGenerator.class", "Java", 0, 0, -7, 0, 0, 0, 0, 0, 0, 0, 0, -7
"c:\Users\Utilisateur\Documents\MyCodes\GitHub\LoupGarouMinecraftPlugin\bin\WorldEditUtil\StructureLoader.class", "Java", 0, 0, -59, 0, 0, 0, 0, 0, 0, -1, 0, -60
"c:\Users\Utilisateur\Documents\MyCodes\GitHub\LoupGarouMinecraftPlugin\bin\fr\fitzche\flagCapture\Color.class", "Java", 0, 0, -16, 0, 0, 0, 0, 0, 0, 0, 0, -16
"c:\Users\Utilisateur\Documents\MyCodes\GitHub\LoupGarouMinecraftPlugin\bin\fr\fitzche\flagCapture\Flag.class", "Java", 0, 0, -31, 0, 0, 0, 0, 0, 0, 0, 0, -31
"c:\Users\Utilisateur\Documents\MyCodes\GitHub\LoupGarouMinecraftPlugin\bin\fr\fitzche\flagCapture\FlagTab.class", "Java", 0, 0, -14, 0, 0, 0, 0, 0, 0, 0, 0, -14
"c:\Users\Utilisateur\Documents\MyCodes\GitHub\LoupGarouMinecraftPlugin\bin\fr\fitzche\flagCapture\Main2$1.class", "Java", 0, 0, -30, 0, 0, 0, 0, 0, 0, 0, 0, -30
"c:\Users\Utilisateur\Documents\MyCodes\GitHub\LoupGarouMinecraftPlugin\bin\fr\fitzche\flagCapture\Main2.class", "Java", 0, 0, -75, 0, 0, 0, 0, 0, 0, 0, 0, -75
"c:\Users\Utilisateur\Documents\MyCodes\GitHub\LoupGarouMinecraftPlugin\bin\fr\fitzche\lgmore\Camp.class", "Java", 0, 0, -24, 0, 0, 0, 0, 0, 0, 0, 0, -24
"c:\Users\Utilisateur\Documents\MyCodes\GitHub\LoupGarouMinecraftPlugin\bin\fr\fitzche\lgmore\GameStatut.class", "Java", 0, 0, -11, 0, 0, 0, 0, 0, 0, 0, 0, -11
"c:\Users\Utilisateur\Documents\MyCodes\GitHub\LoupGarouMinecraftPlugin\bin\fr\fitzche\lgmore\InfinityStones\Stone.class", "Java", 0, 0, -31, 0, 0, 0, 0, 0, 0, 0, -1, -32
"c:\Users\Utilisateur\Documents\MyCodes\GitHub\LoupGarouMinecraftPlugin\bin\fr\fitzche\lgmore\InfinityStones\StonesType.class", "Java", 0, 0, -16, 0, 0, 0, 0, 0, 0, 0, 0, -16
"c:\Users\Utilisateur\Documents\MyCodes\GitHub\LoupGarouMinecraftPlugin\bin\fr\fitzche\lgmore\Lg\GameLg$1.class", "Java", 0, 0, -34, 0, 0, 0, 0, 0, 0, 0, 0, -34
"c:\Users\Utilisateur\Documents\MyCodes\GitHub\LoupGarouMinecraftPlugin\bin\fr\fitzche\lgmore\Lg\GameLg$2.class", "Java", 0, 0, -10, 0, 0, 0, 0, 0, 0, 0, 0, -10
"c:\Users\Utilisateur\Documents\MyCodes\GitHub\LoupGarouMinecraftPlugin\bin\fr\fitzche\lgmore\Lg\GameLg$3.class", "Java", 0, 0, -11, 0, 0, 0, 0, 0, 0, 0, -1, -12
"c:\Users\Utilisateur\Documents\MyCodes\GitHub\LoupGarouMinecraftPlugin\bin\fr\fitzche\lgmore\Lg\GameLg$4.class", "Java", 0, 0, -35, 0, 0, 0, 0, 0, 0, 0, 0, -35
"c:\Users\Utilisateur\Documents\MyCodes\GitHub\LoupGarouMinecraftPlugin\bin\fr\fitzche\lgmore\Lg\GameLg$5.class", "Java", 0, 0, -29, 0, 0, 0, 0, 0, 0, 0, 0, -29
"c:\Users\Utilisateur\Documents\MyCodes\GitHub\LoupGarouMinecraftPlugin\bin\fr\fitzche\lgmore\Lg\GameLg$6.class", "Java", 0, 0, -37, 0, 0, 0, 0, 0, 0, 0, -4, -41
"c:\Users\Utilisateur\Documents\MyCodes\GitHub\LoupGarouMinecraftPlugin\bin\fr\fitzche\lgmore\Lg\GameLg.class", "Java", 0, 0, -274, 0, 0, 0, 0, 0, 0, -80, -3, -357
"c:\Users\Utilisateur\Documents\MyCodes\GitHub\LoupGarouMinecraftPlugin\bin\fr\fitzche\lgmore\Lg\GameLgListener$1.class", "Java", 0, 0, -9, 0, 0, 0, 0, 0, 0, 0, -1, -10
"c:\Users\Utilisateur\Documents\MyCodes\GitHub\LoupGarouMinecraftPlugin\bin\fr\fitzche\lgmore\Lg\GameLgListener$2.class", "Java", 0, 0, -8, 0, 0, 0, 0, 0, 0, 0, 0, -8
"c:\Users\Utilisateur\Documents\MyCodes\GitHub\LoupGarouMinecraftPlugin\bin\fr\fitzche\lgmore\Lg\GameLgListener.class", "Java", 0, 0, -91, 0, 0, 0, 0, 0, 0, 0, -2, -93
"c:\Users\Utilisateur\Documents\MyCodes\GitHub\LoupGarouMinecraftPlugin\bin\fr\fitzche\lgmore\Lg\GameNote.class", "Java", 0, 0, -32, 0, 0, 0, 0, 0, 0, 0, 0, -32
"c:\Users\Utilisateur\Documents\MyCodes\GitHub\LoupGarouMinecraftPlugin\bin\fr\fitzche\lgmore\Lg\PlayerNote.class", "Java", 0, 0, -9, 0, 0, 0, 0, 0, 0, 0, 0, -9
"c:\Users\Utilisateur\Documents\MyCodes\GitHub\LoupGarouMinecraftPlugin\bin\fr\fitzche\lgmore\Lg\RegisterType.class", "Java", 0, 0, -12, 0, 0, 0, 0, 0, 0, 0, 0, -12
"c:\Users\Utilisateur\Documents\MyCodes\GitHub\LoupGarouMinecraftPlugin\bin\fr\fitzche\lgmore\Lg\SpecialsBlock\AccuseBlockData.class", "Java", 0, 0, -6, 0, 0, 0, 0, 0, 0, 0, 0, -6
"c:\Users\Utilisateur\Documents\MyCodes\GitHub\LoupGarouMinecraftPlugin\bin\fr\fitzche\lgmore\Lg\SpecialsBlock\CauldronBlockData.class", "Java", 0, 0, -6, 0, 0, 0, 0, 0, 0, 0, 0, -6
"c:\Users\Utilisateur\Documents\MyCodes\GitHub\LoupGarouMinecraftPlugin\bin\fr\fitzche\lgmore\Lg\SpecialsBlock\SpecialBlock.class", "Java", 0, 0, -70, 0, 0, 0, 0, 0, 0, 0, 0, -70
"c:\Users\Utilisateur\Documents\MyCodes\GitHub\LoupGarouMinecraftPlugin\bin\fr\fitzche\lgmore\Lg\SpecialsBlock\SpecialBlockData.class", "Java", 0, 0, -2, 0, 0, 0, 0, 0, 0, 0, 0, -2
"c:\Users\Utilisateur\Documents\MyCodes\GitHub\LoupGarouMinecraftPlugin\bin\fr\fitzche\lgmore\Lg\SpecialsBlock\SpecialBlockType.class", "Java", 0, 0, -12, 0, 0, 0, 0, 0, 0, 0, 0, -12
"c:\Users\Utilisateur\Documents\MyCodes\GitHub\LoupGarouMinecraftPlugin\bin\fr\fitzche\lgmore\Lg\SpecialsBlock\StoneBlockData.class", "Java", 0, 0, -9, 0, 0, 0, 0, 0, 0, 0, 0, -9
"c:\Users\Utilisateur\Documents\MyCodes\GitHub\LoupGarouMinecraftPlugin\bin\fr\fitzche\lgmore\Lg\SpecialsBlock\TreasureBlockData.class", "Java", 0, 0, -9, 0, 0, 0, 0, 0, 0, 0, 0, -9
"c:\Users\Utilisateur\Documents\MyCodes\GitHub\LoupGarouMinecraftPlugin\bin\fr\fitzche\lgmore\Lg\SpecialsBlock\TreasureBlockType.class", "Java", 0, 0, -14, 0, 0, 0, 0, 0, 0, 0, 0, -14
"c:\Users\Utilisateur\Documents\MyCodes\GitHub\LoupGarouMinecraftPlugin\bin\fr\fitzche\lgmore\Lg\SpecialsBlock\VoteBlockData.class", "Java", 0, 0, -9, 0, 0, 0, 0, 0, 0, 0, 0, -9
"c:\Users\Utilisateur\Documents\MyCodes\GitHub\LoupGarouMinecraftPlugin\bin\fr\fitzche\lgmore\Main$1.class", "Java", 0, 0, -16, 0, 0, 0, 0, 0, 0, 0, -1, -17
"c:\Users\Utilisateur\Documents\MyCodes\GitHub\LoupGarouMinecraftPlugin\bin\fr\fitzche\lgmore\Main.class", "Java", 0, 0, -248, 0, 0, 0, 0, 0, 0, 0, 0, -248
"c:\Users\Utilisateur\Documents\MyCodes\GitHub\LoupGarouMinecraftPlugin\bin\fr\fitzche\lgmore\PlayerData.class", "Java", 0, 0, -70, 0, 0, 0, 0, 0, 0, -11, 0, -81
"c:\Users\Utilisateur\Documents\MyCodes\GitHub\LoupGarouMinecraftPlugin\bin\fr\fitzche\lgmore\Role.class", "Java", 0, 0, -3, 0, 0, 0, 0, 0, 0, 0, 0, -3
"c:\Users\Utilisateur\Documents\MyCodes\GitHub\LoupGarouMinecraftPlugin\bin\fr\fitzche\lgmore\RoleInstance.class", "Java", 0, 0, -14, 0, 0, 0, 0, 0, 0, 0, 0, -14
"c:\Users\Utilisateur\Documents\MyCodes\GitHub\LoupGarouMinecraftPlugin\bin\fr\fitzche\lgmore\RolesLg\ALLUMEUR.class", "Java", 0, 0, -37, 0, 0, 0, 0, 0, 0, 0, 0, -37
"c:\Users\Utilisateur\Documents\MyCodes\GitHub\LoupGarouMinecraftPlugin\bin\fr\fitzche\lgmore\RolesLg\ANCIEN.class", "Java", 0, 0, -29, 0, 0, 0, 0, 0, 0, 0, 0, -29
"c:\Users\Utilisateur\Documents\MyCodes\GitHub\LoupGarouMinecraftPlugin\bin\fr\fitzche\lgmore\RolesLg\ANGE$1.class", "Java", 0, 0, -16, 0, 0, 0, 0, 0, 0, 0, 0, -16
"c:\Users\Utilisateur\Documents\MyCodes\GitHub\LoupGarouMinecraftPlugin\bin\fr\fitzche\lgmore\RolesLg\ANGE$2.class", "Java", 0, 0, -17, 0, 0, 0, 0, 0, 0, 0, 0, -17
"c:\Users\Utilisateur\Documents\MyCodes\GitHub\LoupGarouMinecraftPlugin\bin\fr\fitzche\lgmore\RolesLg\ANGE.class", "Java", 0, 0, -58, 0, 0, 0, 0, 0, 0, 0, -1, -59
"c:\Users\Utilisateur\Documents\MyCodes\GitHub\LoupGarouMinecraftPlugin\bin\fr\fitzche\lgmore\RolesLg\ASSASSIN.class", "Java", 0, 0, -38, 0, 0, 0, 0, 0, 0, 0, 0, -38
"c:\Users\Utilisateur\Documents\MyCodes\GitHub\LoupGarouMinecraftPlugin\bin\fr\fitzche\lgmore\RolesLg\Aura.class", "Java", 0, 0, -19, 0, 0, 0, 0, 0, 0, 0, 0, -19
"c:\Users\Utilisateur\Documents\MyCodes\GitHub\LoupGarouMinecraftPlugin\bin\fr\fitzche\lgmore\RolesLg\BIENFAITEUR.class", "Java", 0, 0, -37, 0, 0, 0, 0, 0, 0, 0, 0, -37
"c:\Users\Utilisateur\Documents\MyCodes\GitHub\LoupGarouMinecraftPlugin\bin\fr\fitzche\lgmore\RolesLg\CHASSEUR.class", "Java", 0, 0, -36, 0, 0, 0, 0, 0, 0, 0, 0, -36
"c:\Users\Utilisateur\Documents\MyCodes\GitHub\LoupGarouMinecraftPlugin\bin\fr\fitzche\lgmore\RolesLg\COMEDIEN.class", "Java", 0, 0, -41, 0, 0, 0, 0, 0, 0, 0, 0, -41
"c:\Users\Utilisateur\Documents\MyCodes\GitHub\LoupGarouMinecraftPlugin\bin\fr\fitzche\lgmore\RolesLg\CORBEAU.class", "Java", 0, 0, -30, 0, 0, 0, 0, 0, 0, 0, 0, -30
"c:\Users\Utilisateur\Documents\MyCodes\GitHub\LoupGarouMinecraftPlugin\bin\fr\fitzche\lgmore\RolesLg\CUPIDON$1.class", "Java", 0, 0, -18, 0, 0, 0, 0, 0, 0, 0, 0, -18
"c:\Users\Utilisateur\Documents\MyCodes\GitHub\LoupGarouMinecraftPlugin\bin\fr\fitzche\lgmore\RolesLg\CUPIDON.class", "Java", 0, 0, -46, 0, 0, 0, 0, 0, 0, 0, 0, -46
"c:\Users\Utilisateur\Documents\MyCodes\GitHub\LoupGarouMinecraftPlugin\bin\fr\fitzche\lgmore\RolesLg\Checkers\AncienChecker.class", "Java", 0, 0, -29, 0, 0, 0, 0, 0, 0, 0, 0, -29
"c:\Users\Utilisateur\Documents\MyCodes\GitHub\LoupGarouMinecraftPlugin\bin\fr\fitzche\lgmore\RolesLg\Checkers\AngeChecker.class", "Java", 0, 0, -13, 0, 0, 0, 0, 0, 0, 0, 0, -13
"c:\Users\Utilisateur\Documents\MyCodes\GitHub\LoupGarouMinecraftPlugin\bin\fr\fitzche\lgmore\RolesLg\Checkers\Brume_Checker.class", "Java", 0, 0, -40, 0, 0, 0, 0, 0, 0, 0, 0, -40
"c:\Users\Utilisateur\Documents\MyCodes\GitHub\LoupGarouMinecraftPlugin\bin\fr\fitzche\lgmore\RolesLg\Checkers\ComedienChecker.class", "Java", 0, 0, -37, 0, 0, 0, 0, 0, 0, 0, 0, -37
"c:\Users\Utilisateur\Documents\MyCodes\GitHub\LoupGarouMinecraftPlugin\bin\fr\fitzche\lgmore\RolesLg\Checkers\EnfantChecker.class", "Java", 0, 0, -35, 0, 0, 0, 0, 0, 0, 0, 0, -35
"c:\Users\Utilisateur\Documents\MyCodes\GitHub\LoupGarouMinecraftPlugin\bin\fr\fitzche\lgmore\RolesLg\Checkers\ErmiteChecker.class", "Java", 0, 0, -31, 0, 0, 0, 0, 0, 0, 0, 0, -31
"c:\Users\Utilisateur\Documents\MyCodes\GitHub\LoupGarouMinecraftPlugin\bin\fr\fitzche\lgmore\RolesLg\Checkers\FauconChecker.class", "Java", 0, 0, -27, 0, 0, 0, 0, 0, 0, 0, 0, -27
"c:\Users\Utilisateur\Documents\MyCodes\GitHub\LoupGarouMinecraftPlugin\bin\fr\fitzche\lgmore\RolesLg\Checkers\IDV_Checker.class", "Java", 0, 0, -39, 0, 0, 0, 0, 0, 0, 0, 0, -39
"c:\Users\Utilisateur\Documents\MyCodes\GitHub\LoupGarouMinecraftPlugin\bin\fr\fitzche\lgmore\RolesLg\Checkers\LgBarbare_Checker.class", "Java", 0, 0, -26, 0, 0, 0, 0, 0, 0, 0, 0, -26
"c:\Users\Utilisateur\Documents\MyCodes\GitHub\LoupGarouMinecraftPlugin\bin\fr\fitzche\lgmore\RolesLg\Checkers\MysticChecker.class", "Java", 0, 0, -28, 0, 0, 0, 0, 0, 0, 0, 0, -28
"c:\Users\Utilisateur\Documents\MyCodes\GitHub\LoupGarouMinecraftPlugin\bin\fr\fitzche\lgmore\RolesLg\Checkers\NecroChecker.class", "Java", 0, 0, -22, 0, 0, 0, 0, 0, 0, 0, 0, -22
"c:\Users\Utilisateur\Documents\MyCodes\GitHub\LoupGarouMinecraftPlugin\bin\fr\fitzche\lgmore\RolesLg\Checkers\ParrainChecker.class", "Java", 0, 0, -28, 0, 0, 0, 0, 0, 0, 0, 0, -28
"c:\Users\Utilisateur\Documents\MyCodes\GitHub\LoupGarouMinecraftPlugin\bin\fr\fitzche\lgmore\RolesLg\Checkers\PoisonVirusChecker.class", "Java", 0, 0, -18, 0, 0, 0, 0, 0, 0, 0, 0, -18
"c:\Users\Utilisateur\Documents\MyCodes\GitHub\LoupGarouMinecraftPlugin\bin\fr\fitzche\lgmore\RolesLg\Checkers\RegisterCheck$1.class", "Java", 0, 0, -11, 0, 0, 0, 0, 0, 0, 0, 0, -11
"c:\Users\Utilisateur\Documents\MyCodes\GitHub\LoupGarouMinecraftPlugin\bin\fr\fitzche\lgmore\RolesLg\Checkers\RegisterCheck$2.class", "Java", 0, 0, -19, 0, 0, 0, 0, 0, 0, 0, 0, -19
"c:\Users\Utilisateur\Documents\MyCodes\GitHub\LoupGarouMinecraftPlugin\bin\fr\fitzche\lgmore\RolesLg\Checkers\RegisterCheck.class", "Java", 0, 0, -70, 0, 0, 0, 0, 0, 0, 0, 0, -70
"c:\Users\Utilisateur\Documents\MyCodes\GitHub\LoupGarouMinecraftPlugin\bin\fr\fitzche\lgmore\RolesLg\Checkers\SanguinaireChecker.class", "Java", 0, 0, -20, 0, 0, 0, 0, 0, 0, 0, -1, -21
"c:\Users\Utilisateur\Documents\MyCodes\GitHub\LoupGarouMinecraftPlugin\bin\fr\fitzche\lgmore\RolesLg\Checkers\SoeurChecker.class", "Java", 0, 0, -34, 0, 0, 0, 0, 0, 0, 0, 0, -34
"c:\Users\Utilisateur\Documents\MyCodes\GitHub\LoupGarouMinecraftPlugin\bin\fr\fitzche\lgmore\RolesLg\Checkers\TimeresCheck.class", "Java", 0, 0, -12, 0, 0, 0, 0, 0, 0, 0, 0, -12
"c:\Users\Utilisateur\Documents\MyCodes\GitHub\LoupGarouMinecraftPlugin\bin\fr\fitzche\lgmore\RolesLg\Checkers\TrackRes.class", "Java", 0, 0, -14, 0, 0, 0, 0, 0, 0, 0, 0, -14
"c:\Users\Utilisateur\Documents\MyCodes\GitHub\LoupGarouMinecraftPlugin\bin\fr\fitzche\lgmore\RolesLg\Checkers\VirusChecker.class", "Java", 0, 0, -38, 0, 0, 0, 0, 0, 0, 0, -1, -39
"c:\Users\Utilisateur\Documents\MyCodes\GitHub\LoupGarouMinecraftPlugin\bin\fr\fitzche\lgmore\RolesLg\Checkers\VoleurChecker.class", "Java", 0, 0, -20, 0, 0, 0, 0, 0, 0, 0, 0, -20
"c:\Users\Utilisateur\Documents\MyCodes\GitHub\LoupGarouMinecraftPlugin\bin\fr\fitzche\lgmore\RolesLg\Checkers\VoteChecker.class", "Java", 0, 0, -19, 0, 0, 0, 0, 0, 0, 0, 0, -19
"c:\Users\Utilisateur\Documents\MyCodes\GitHub\LoupGarouMinecraftPlugin\bin\fr\fitzche\lgmore\RolesLg\Checkers\craintifChecker.class", "Java", 0, 0, -32, 0, 0, 0, 0, 0, 0, 0, 0, -32
"c:\Users\Utilisateur\Documents\MyCodes\GitHub\LoupGarouMinecraftPlugin\bin\fr\fitzche\lgmore\RolesLg\Checkers\damneChecker.class", "Java", 0, 0, -15, 0, 0, 0, 0, 0, 0, -10, 0, -25
"c:\Users\Utilisateur\Documents\MyCodes\GitHub\LoupGarouMinecraftPlugin\bin\fr\fitzche\lgmore\RolesLg\Checkers\demonChecker.class", "Java", 0, 0, -27, 0, 0, 0, 0, 0, 0, 0, 0, -27
"c:\Users\Utilisateur\Documents\MyCodes\GitHub\LoupGarouMinecraftPlugin\bin\fr\fitzche\lgmore\RolesLg\Checkers\servantLgChecker.class", "Java", 0, 0, -20, 0, 0, 0, 0, 0, 0, 0, 0, -20
"c:\Users\Utilisateur\Documents\MyCodes\GitHub\LoupGarouMinecraftPlugin\bin\fr\fitzche\lgmore\RolesLg\Checkers\thierceAnge_Checker.class", "Java", 0, 0, -16, 0, 0, 0, 0, 0, 0, 0, 0, -16
"c:\Users\Utilisateur\Documents\MyCodes\GitHub\LoupGarouMinecraftPlugin\bin\fr\fitzche\lgmore\RolesLg\DAMNE.class", "Java", 0, 0, -28, 0, 0, 0, 0, 0, 0, 0, 0, -28
"c:\Users\Utilisateur\Documents\MyCodes\GitHub\LoupGarouMinecraftPlugin\bin\fr\fitzche\lgmore\RolesLg\DEMON.class", "Java", 0, 0, -77, 0, 0, 0, 0, 0, 0, 0, 0, -77
"c:\Users\Utilisateur\Documents\MyCodes\GitHub\LoupGarouMinecraftPlugin\bin\fr\fitzche\lgmore\RolesLg\DISCIPLE$1.class", "Java", 0, 0, -26, 0, 0, 0, 0, 0, 0, 0, 0, -26
"c:\Users\Utilisateur\Documents\MyCodes\GitHub\LoupGarouMinecraftPlugin\bin\fr\fitzche\lgmore\RolesLg\DISCIPLE.class", "Java", 0, 0, -49, 0, 0, 0, 0, 0, 0, 0, 0, -49
"c:\Users\Utilisateur\Documents\MyCodes\GitHub\LoupGarouMinecraftPlugin\bin\fr\fitzche\lgmore\RolesLg\ENFANT_SAUVAGE$1.class", "Java", 0, 0, -22, 0, 0, 0, 0, 0, 0, 0, 0, -22
"c:\Users\Utilisateur\Documents\MyCodes\GitHub\LoupGarouMinecraftPlugin\bin\fr\fitzche\lgmore\RolesLg\ENFANT_SAUVAGE.class", "Java", 0, 0, -45, 0, 0, 0, 0, 0, 0, 0, 0, -45
"c:\Users\Utilisateur\Documents\MyCodes\GitHub\LoupGarouMinecraftPlugin\bin\fr\fitzche\lgmore\RolesLg\ERMITE.class", "Java", 0, 0, -38, 0, 0, 0, 0, 0, 0, 0, 0, -38
"c:\Users\Utilisateur\Documents\MyCodes\GitHub\LoupGarouMinecraftPlugin\bin\fr\fitzche\lgmore\RolesLg\FAUCONNIER.class", "Java", 0, 0, -31, 0, 0, 0, 0, 0, 0, 0, 0, -31
"c:\Users\Utilisateur\Documents\MyCodes\GitHub\LoupGarouMinecraftPlugin\bin\fr\fitzche\lgmore\RolesLg\IDIOT_DU_VILLAGE.class", "Java", 0, 0, -26, 0, 0, 0, 0, 0, 0, 0, 0, -26
"c:\Users\Utilisateur\Documents\MyCodes\GitHub\LoupGarouMinecraftPlugin\bin\fr\fitzche\lgmore\RolesLg\INFECT_PERE_DES_LOUPS.class", "Java", 0, 0, -45, 0, 0, 0, 0, 0, 0, 0, 0, -45
"c:\Users\Utilisateur\Documents\MyCodes\GitHub\LoupGarouMinecraftPlugin\bin\fr\fitzche\lgmore\RolesLg\INTERPRETE$1.class", "Java", 0, 0, -11, 0, 0, 0, 0, 0, 0, 0, 0, -11
"c:\Users\Utilisateur\Documents\MyCodes\GitHub\LoupGarouMinecraftPlugin\bin\fr\fitzche\lgmore\RolesLg\INTERPRETE$2.class", "Java", 0, 0, -34, 0, 0, 0, 0, 0, 0, 0, -1, -35
"c:\Users\Utilisateur\Documents\MyCodes\GitHub\LoupGarouMinecraftPlugin\bin\fr\fitzche\lgmore\RolesLg\INTERPRETE.class", "Java", 0, 0, -41, 0, 0, 0, 0, 0, 0, -8, 0, -49
"c:\Users\Utilisateur\Documents\MyCodes\GitHub\LoupGarouMinecraftPlugin\bin\fr\fitzche\lgmore\RolesLg\Infections\Virus$1.class", "Java", 0, 0, -14, 0, 0, 0, 0, 0, 0, 0, 0, -14
"c:\Users\Utilisateur\Documents\MyCodes\GitHub\LoupGarouMinecraftPlugin\bin\fr\fitzche\lgmore\RolesLg\Infections\Virus$2.class", "Java", 0, 0, -11, 0, 0, 0, 0, 0, 0, 0, 0, -11
"c:\Users\Utilisateur\Documents\MyCodes\GitHub\LoupGarouMinecraftPlugin\bin\fr\fitzche\lgmore\RolesLg\Infections\Virus$3.class", "Java", 0, 0, -12, 0, 0, 0, 0, 0, 0, 0, 0, -12
"c:\Users\Utilisateur\Documents\MyCodes\GitHub\LoupGarouMinecraftPlugin\bin\fr\fitzche\lgmore\RolesLg\Infections\Virus$4.class", "Java", 0, 0, -12, 0, 0, 0, 0, 0, 0, 0, 0, -12
"c:\Users\Utilisateur\Documents\MyCodes\GitHub\LoupGarouMinecraftPlugin\bin\fr\fitzche\lgmore\RolesLg\Infections\Virus$5.class", "Java", 0, 0, -9, 0, 0, 0, 0, 0, 0, 0, 0, -9
"c:\Users\Utilisateur\Documents\MyCodes\GitHub\LoupGarouMinecraftPlugin\bin\fr\fitzche\lgmore\RolesLg\Infections\Virus$6.class", "Java", 0, 0, -28, 0, 0, 0, 0, 0, 0, 0, 0, -28
"c:\Users\Utilisateur\Documents\MyCodes\GitHub\LoupGarouMinecraftPlugin\bin\fr\fitzche\lgmore\RolesLg\Infections\Virus.class", "Java", 0, 0, -55, 0, 0, 0, 0, 0, 0, 0, 0, -55
"c:\Users\Utilisateur\Documents\MyCodes\GitHub\LoupGarouMinecraftPlugin\bin\fr\fitzche\lgmore\RolesLg\Infections\VirusType.class", "Java", 0, 0, -11, 0, 0, 0, 0, 0, 0, 0, 0, -11
"c:\Users\Utilisateur\Documents\MyCodes\GitHub\LoupGarouMinecraftPlugin\bin\fr\fitzche\lgmore\RolesLg\LOUP_ALCHIMISTE.class", "Java", 0, 0, -62, 0, 0, 0, 0, 0, 0, 0, -2, -64
"c:\Users\Utilisateur\Documents\MyCodes\GitHub\LoupGarouMinecraftPlugin\bin\fr\fitzche\lgmore\RolesLg\LOUP_BARBARE.class", "Java", 0, 0, -26, 0, 0, 0, 0, 0, 0, 0, 0, -26
"c:\Users\Utilisateur\Documents\MyCodes\GitHub\LoupGarouMinecraftPlugin\bin\fr\fitzche\lgmore\RolesLg\LOUP_BRUMEUX.class", "Java", 0, 0, -37, 0, 0, 0, 0, 0, 0, 0, 0, -37
"c:\Users\Utilisateur\Documents\MyCodes\GitHub\LoupGarouMinecraftPlugin\bin\fr\fitzche\lgmore\RolesLg\LOUP_CRAINTIF.class", "Java", 0, 0, -45, 0, 0, 0, 0, 0, 0, 0, 0, -45
"c:\Users\Utilisateur\Documents\MyCodes\GitHub\LoupGarouMinecraftPlugin\bin\fr\fitzche\lgmore\RolesLg\LOUP_GRIMEUR.class", "Java", 0, 0, -39, 0, 0, 0, 0, 0, 0, 0, 0, -39
"c:\Users\Utilisateur\Documents\MyCodes\GitHub\LoupGarouMinecraftPlugin\bin\fr\fitzche\lgmore\RolesLg\LOUP_HURLEUR.class", "Java", 0, 0, -37, 0, 0, 0, 0, 0, 0, -7, 0, -44
"c:\Users\Utilisateur\Documents\MyCodes\GitHub\LoupGarouMinecraftPlugin\bin\fr\fitzche\lgmore\RolesLg\LOUP_MANIPULATEUR.class", "Java", 0, 0, -40, 0, 0, 0, 0, 0, 0, 0, 0, -40
"c:\Users\Utilisateur\Documents\MyCodes\GitHub\LoupGarouMinecraftPlugin\bin\fr\fitzche\lgmore\RolesLg\LOUP_METAMORPHE.class", "Java", 0, 0, -28, 0, 0, 0, 0, 0, 0, 0, 0, -28
"c:\Users\Utilisateur\Documents\MyCodes\GitHub\LoupGarouMinecraftPlugin\bin\fr\fitzche\lgmore\RolesLg\LOUP_MYSTIQUE.class", "Java", 0, 0, -38, 0, 0, 0, 0, 0, 0, 0, 0, -38
"c:\Users\Utilisateur\Documents\MyCodes\GitHub\LoupGarouMinecraftPlugin\bin\fr\fitzche\lgmore\RolesLg\LOUP_SANGUINAIRE.class", "Java", 0, 0, -33, 0, 0, 0, 0, 0, 0, 0, 0, -33
"c:\Users\Utilisateur\Documents\MyCodes\GitHub\LoupGarouMinecraftPlugin\bin\fr\fitzche\lgmore\RolesLg\MONTREUR.class", "Java", 0, 0, -43, 0, 0, 0, 0, 0, 0, 0, -1, -44
"c:\Users\Utilisateur\Documents\MyCodes\GitHub\LoupGarouMinecraftPlugin\bin\fr\fitzche\lgmore\RolesLg\NECROMANCIEN.class", "Java", 0, 0, -28, 0, 0, 0, 0, 0, 0, 0, 0, -28
"c:\Users\Utilisateur\Documents\MyCodes\GitHub\LoupGarouMinecraftPlugin\bin\fr\fitzche\lgmore\RolesLg\NEGOCIATEUR.class", "Java", 0, 0, -38, 0, 0, 0, 0, 0, 0, 0, 0, -38
"c:\Users\Utilisateur\Documents\MyCodes\GitHub\LoupGarouMinecraftPlugin\bin\fr\fitzche\lgmore\RolesLg\PARRAIN.class", "Java", 0, 0, -48, 0, 0, 0, 0, 0, 0, 0, 0, -48
"c:\Users\Utilisateur\Documents\MyCodes\GitHub\LoupGarouMinecraftPlugin\bin\fr\fitzche\lgmore\RolesLg\PERFIDE$1.class", "Java", 0, 0, -10, 0, 0, 0, 0, 0, 0, 0, 0, -10
"c:\Users\Utilisateur\Documents\MyCodes\GitHub\LoupGarouMinecraftPlugin\bin\fr\fitzche\lgmore\RolesLg\PERFIDE.class", "Java", 0, 0, -36, 0, 0, 0, 0, 0, 0, 0, 0, -36
"c:\Users\Utilisateur\Documents\MyCodes\GitHub\LoupGarouMinecraftPlugin\bin\fr\fitzche\lgmore\RolesLg\PETITE_FILLE$1.class", "Java", 0, 0, -10, 0, 0, 0, 0, 0, 0, 0, 0, -10
"c:\Users\Utilisateur\Documents\MyCodes\GitHub\LoupGarouMinecraftPlugin\bin\fr\fitzche\lgmore\RolesLg\PETITE_FILLE.class", "Java", 0, 0, -36, 0, 0, 0, 0, 0, 0, 0, 0, -36
"c:\Users\Utilisateur\Documents\MyCodes\GitHub\LoupGarouMinecraftPlugin\bin\fr\fitzche\lgmore\RolesLg\PYROMANE$1.class", "Java", 0, 0, -11, 0, 0, 0, 0, 0, 0, 0, 0, -11
"c:\Users\Utilisateur\Documents\MyCodes\GitHub\LoupGarouMinecraftPlugin\bin\fr\fitzche\lgmore\RolesLg\PYROMANE.class", "Java", 0, 0, -59, 0, 0, 0, 0, 0, 0, 0, 0, -59
"c:\Users\Utilisateur\Documents\MyCodes\GitHub\LoupGarouMinecraftPlugin\bin\fr\fitzche\lgmore\RolesLg\RENARD.class", "Java", 0, 0, -52, 0, 0, 0, 0, 0, 0, 0, 0, -52
"c:\Users\Utilisateur\Documents\MyCodes\GitHub\LoupGarouMinecraftPlugin\bin\fr\fitzche\lgmore\RolesLg\RoleDisplay.class", "Java", 0, 0, -25, 0, 0, 0, 0, 0, 0, 0, 0, -25
"c:\Users\Utilisateur\Documents\MyCodes\GitHub\LoupGarouMinecraftPlugin\bin\fr\fitzche\lgmore\RolesLg\RolesLg.class", "Java", 0, 0, -162, 0, 0, 0, 0, 0, 0, 0, 0, -162
"c:\Users\Utilisateur\Documents\MyCodes\GitHub\LoupGarouMinecraftPlugin\bin\fr\fitzche\lgmore\RolesLg\SAGE.class", "Java", 0, 0, -27, 0, 0, 0, 0, 0, 0, -8, -1, -36
"c:\Users\Utilisateur\Documents\MyCodes\GitHub\LoupGarouMinecraftPlugin\bin\fr\fitzche\lgmore\RolesLg\SALVATEUR.class", "Java", 0, 0, -45, 0, 0, 0, 0, 0, 0, 0, 0, -45
"c:\Users\Utilisateur\Documents\MyCodes\GitHub\LoupGarouMinecraftPlugin\bin\fr\fitzche\lgmore\RolesLg\SIMPLE_VILLAGER.class", "Java", 0, 0, -26, 0, 0, 0, 0, 0, 0, 0, 0, -26
"c:\Users\Utilisateur\Documents\MyCodes\GitHub\LoupGarouMinecraftPlugin\bin\fr\fitzche\lgmore\RolesLg\SIMPLE_WOLF.class", "Java", 0, 0, -31, 0, 0, 0, 0, 0, 0, 0, 0, -31
"c:\Users\Utilisateur\Documents\MyCodes\GitHub\LoupGarouMinecraftPlugin\bin\fr\fitzche\lgmore\RolesLg\SOEUR.class", "Java", 0, 0, -40, 0, 0, 0, 0, 0, 0, 0, 0, -40
"c:\Users\Utilisateur\Documents\MyCodes\GitHub\LoupGarouMinecraftPlugin\bin\fr\fitzche\lgmore\RolesLg\SORCIER.class", "Java", 0, 0, -33, 0, 0, 0, 0, 0, 0, 0, 0, -33
"c:\Users\Utilisateur\Documents\MyCodes\GitHub\LoupGarouMinecraftPlugin\bin\fr\fitzche\lgmore\RolesLg\SORCIERE.class", "Java", 0, 0, -50, 0, 0, 0, 0, 0, 0, 0, 0, -50
"c:\Users\Utilisateur\Documents\MyCodes\GitHub\LoupGarouMinecraftPlugin\bin\fr\fitzche\lgmore\RolesLg\SWAPPER.class", "Java", 0, 0, -28, 0, 0, 0, 0, 0, 0, 0, 0, -28
"c:\Users\Utilisateur\Documents\MyCodes\GitHub\LoupGarouMinecraftPlugin\bin\fr\fitzche\lgmore\RolesLg\Servant_des_loups.class", "Java", 0, 0, -33, 0, 0, 0, 0, 0, 0, 0, 0, -33
"c:\Users\Utilisateur\Documents\MyCodes\GitHub\LoupGarouMinecraftPlugin\bin\fr\fitzche\lgmore\RolesLg\THANOS.class", "Java", 0, 0, -43, 0, 0, 0, 0, 0, 0, 0, 0, -43
"c:\Users\Utilisateur\Documents\MyCodes\GitHub\LoupGarouMinecraftPlugin\bin\fr\fitzche\lgmore\RolesLg\THIERCE_ANGE.class", "Java", 0, 0, -32, 0, 0, 0, 0, 0, 0, 0, 0, -32
"c:\Users\Utilisateur\Documents\MyCodes\GitHub\LoupGarouMinecraftPlugin\bin\fr\fitzche\lgmore\RolesLg\TRAQUEUR.class", "Java", 0, 0, -39, 0, 0, 0, 0, 0, 0, 0, 0, -39
"c:\Users\Utilisateur\Documents\MyCodes\GitHub\LoupGarouMinecraftPlugin\bin\fr\fitzche\lgmore\RolesLg\VOLEUR.class", "Java", 0, 0, -40, 0, 0, 0, 0, 0, 0, 0, 0, -40
"c:\Users\Utilisateur\Documents\MyCodes\GitHub\LoupGarouMinecraftPlugin\bin\fr\fitzche\lgmore\RolesLg\VOYANTE$1.class", "Java", 0, 0, -8, 0, 0, 0, 0, 0, 0, 0, 0, -8
"c:\Users\Utilisateur\Documents\MyCodes\GitHub\LoupGarouMinecraftPlugin\bin\fr\fitzche\lgmore\RolesLg\VOYANTE.class", "Java", 0, 0, -42, 0, 0, 0, 0, 0, 0, 0, 0, -42
"c:\Users\Utilisateur\Documents\MyCodes\GitHub\LoupGarouMinecraftPlugin\bin\fr\fitzche\lgmore\Timer.class", "Java", 0, 0, -35, 0, 0, 0, 0, 0, 0, 0, 0, -35
"c:\Users\Utilisateur\Documents\MyCodes\GitHub\LoupGarouMinecraftPlugin\bin\fr\fitzche\lgmore\Util\CommandUtil.class", "Java", 0, 0, -18, 0, 0, 0, 0, 0, 0, 0, 0, -18
"c:\Users\Utilisateur\Documents\MyCodes\GitHub\LoupGarouMinecraftPlugin\bin\fr\fitzche\lgmore\Util\GameLgUtil.class", "Java", 0, 0, -69, 0, 0, 0, 0, 0, 0, 0, 0, -69
"c:\Users\Utilisateur\Documents\MyCodes\GitHub\LoupGarouMinecraftPlugin\bin\fr\fitzche\lgmore\Util\HealthSyncer.class", "Java", 0, 0, -18, 0, 0, 0, 0, 0, 0, 0, 0, -18
"c:\Users\Utilisateur\Documents\MyCodes\GitHub\LoupGarouMinecraftPlugin\bin\fr\fitzche\lgmore\Util\InventoryUtil.class", "Java", 0, 0, -25, 0, 0, 0, 0, 0, 0, 0, 0, -25
"c:\Users\Utilisateur\Documents\MyCodes\GitHub\LoupGarouMinecraftPlugin\bin\fr\fitzche\lgmore\Util\ItemUtil.class", "Java", 0, 0, -52, 0, 0, 0, 0, 0, 0, 0, 0, -52
"c:\Users\Utilisateur\Documents\MyCodes\GitHub\LoupGarouMinecraftPlugin\bin\fr\fitzche\lgmore\Util\LineLocationHelper.class", "Java", 0, 0, -51, 0, 0, 0, 0, 0, 0, 0, 0, -51
"c:\Users\Utilisateur\Documents\MyCodes\GitHub\LoupGarouMinecraftPlugin\bin\fr\fitzche\lgmore\Util\LineRapport.class", "Java", 0, 0, -7, 0, 0, 0, 0, 0, 0, 0, 0, -7
"c:\Users\Utilisateur\Documents\MyCodes\GitHub\LoupGarouMinecraftPlugin\bin\fr\fitzche\lgmore\Util\LocationUtil.class", "Java", 0, 0, -52, 0, 0, 0, 0, 0, 0, 0, 0, -52
"c:\Users\Utilisateur\Documents\MyCodes\GitHub\LoupGarouMinecraftPlugin\bin\fr\fitzche\lgmore\Util\MathUtil.class", "Java", 0, 0, -30, 0, 0, 0, 0, 0, 0, 0, 0, -30
"c:\Users\Utilisateur\Documents\MyCodes\GitHub\LoupGarouMinecraftPlugin\bin\fr\fitzche\lgmore\Util\MyStringUtil.class", "Java", 0, 0, -15, 0, 0, 0, 0, 0, 0, 0, 0, -15
"c:\Users\Utilisateur\Documents\MyCodes\GitHub\LoupGarouMinecraftPlugin\bin\fr\fitzche\lgmore\Util\PlayerUtil.class", "Java", 0, 0, -41, 0, 0, 0, 0, 0, 0, 0, 0, -41
"c:\Users\Utilisateur\Documents\MyCodes\GitHub\LoupGarouMinecraftPlugin\bin\fr\fitzche\lgmore\Util\PotionUtil.class", "Java", 0, 0, -12, 0, 0, 0, 0, 0, 0, 0, 0, -12
"c:\Users\Utilisateur\Documents\MyCodes\GitHub\LoupGarouMinecraftPlugin\bin\fr\fitzche\lgmore\Util\Registre.class", "Java", 0, 0, -8, 0, 0, 0, 0, 0, 0, 0, 0, -8
"c:\Users\Utilisateur\Documents\MyCodes\GitHub\LoupGarouMinecraftPlugin\bin\fr\fitzche\lgmore\Util\RoleUtil.class", "Java", 0, 0, -108, 0, 0, 0, 0, 0, 0, 0, 0, -108
"c:\Users\Utilisateur\Documents\MyCodes\GitHub\LoupGarouMinecraftPlugin\bin\fr\fitzche\lgmore\Util\VoteEvent.class", "Java", 0, 0, -10, 0, 0, 0, 0, 0, 0, 0, 0, -10
"c:\Users\Utilisateur\Documents\MyCodes\GitHub\LoupGarouMinecraftPlugin\bin\fr\fitzche\lgmore\Util\WorldUtil.class", "Java", 0, 0, -9, 0, 0, 0, 0, 0, 0, 0, 0, -9
"c:\Users\Utilisateur\Documents\MyCodes\GitHub\LoupGarouMinecraftPlugin\bin\fr\fitzche\lgmore\commands\FutureAction.class", "Java", 0, 0, -7, 0, 0, 0, 0, 0, 0, 0, 0, -7
"c:\Users\Utilisateur\Documents\MyCodes\GitHub\LoupGarouMinecraftPlugin\bin\fr\fitzche\lgmore\commands\Hub.class", "Java", 0, 0, -16, 0, 0, 0, 0, 0, 0, 0, 0, -16
"c:\Users\Utilisateur\Documents\MyCodes\GitHub\LoupGarouMinecraftPlugin\bin\fr\fitzche\lgmore\commands\Lg.class", "Java", 0, 0, -184, 0, 0, 0, 0, 0, 0, 0, 0, -184
"c:\Users\Utilisateur\Documents\MyCodes\GitHub\LoupGarouMinecraftPlugin\bin\fr\fitzche\lgmore\commands\LgTab.class", "Java", 0, 0, -38, 0, 0, 0, 0, 0, 0, 0, 0, -38
"c:\Users\Utilisateur\Documents\MyCodes\GitHub\LoupGarouMinecraftPlugin\bin\fr\fitzche\lgmore\commands\Lga$1.class", "Java", 0, 0, -8, 0, 0, 0, 0, 0, 0, 0, 0, -8
"c:\Users\Utilisateur\Documents\MyCodes\GitHub\LoupGarouMinecraftPlugin\bin\fr\fitzche\lgmore\commands\Lga$2.class", "Java", 0, 0, -8, 0, 0, 0, 0, 0, 0, 0, 0, -8
"c:\Users\Utilisateur\Documents\MyCodes\GitHub\LoupGarouMinecraftPlugin\bin\fr\fitzche\lgmore\commands\Lga.class", "Java", 0, 0, -222, 0, 0, 0, 0, 0, 0, 0, -10, -232
"c:\Users\Utilisateur\Documents\MyCodes\GitHub\LoupGarouMinecraftPlugin\bin\fr\fitzche\lgmore\commands\Rejoin.class", "Java", 0, 0, -11, 0, 0, 0, 0, 0, 0, 0, 0, -11
"c:\Users\Utilisateur\Documents\MyCodes\GitHub\LoupGarouMinecraftPlugin\bin\fr\fitzche\lgmore\commands\Star.class", "Java", 0, 0, -42, 0, 0, 0, 0, 0, 0, 0, 0, -42
"c:\Users\Utilisateur\Documents\MyCodes\GitHub\LoupGarouMinecraftPlugin\bin\fr\fitzche\lgmore\minecraft\GameListener.class", "Java", 0, 0, -5, 0, 0, 0, 0, 0, 0, 0, 0, -5
"c:\Users\Utilisateur\Documents\MyCodes\GitHub\LoupGarouMinecraftPlugin\bin\fr\fitzche\lgmore\minecraft\PlayerDataLeft.class", "Java", 0, 0, -11, 0, 0, 0, 0, 0, 0, 0, 0, -11
"c:\Users\Utilisateur\Documents\MyCodes\GitHub\LoupGarouMinecraftPlugin\bin\fr\fitzche\lgmore\minecraft\ResCheck.class", "Java", 0, 0, -5, 0, 0, 0, 0, 0, 0, 0, 0, -5
"c:\Users\Utilisateur\Documents\MyCodes\GitHub\LoupGarouMinecraftPlugin\bin\fr\fitzche\lgmore\minecraft\mcListeners$1.class", "Java", 0, 0, -12, 0, 0, 0, 0, 0, 0, 0, 0, -12
"c:\Users\Utilisateur\Documents\MyCodes\GitHub\LoupGarouMinecraftPlugin\bin\fr\fitzche\lgmore\minecraft\mcListeners.class", "Java", 0, 0, -344, 0, 0, 0, 0, 0, 0, 0, -5, -349
"c:\Users\Utilisateur\Documents\MyCodes\GitHub\LoupGarouMinecraftPlugin\bin\fr\fitzche\lgmore\scoreboard\Inventory\CompoDisplay.class", "Java", 0, 0, -60, 0, 0, 0, 0, 0, 0, 0, 0, -60
"c:\Users\Utilisateur\Documents\MyCodes\GitHub\LoupGarouMinecraftPlugin\bin\fr\fitzche\lgmore\scoreboard\Inventory\ConfigDisplay.class", "Java", 0, 0, -62, 0, 0, 0, 0, 0, 0, 0, -1, -63
"c:\Users\Utilisateur\Documents\MyCodes\GitHub\LoupGarouMinecraftPlugin\bin\fr\fitzche\lgmore\scoreboard\Inventory\DisplayMenu.class", "Java", 0, 0, -62, 0, 0, 0, 0, 0, 0, 0, 0, -62
"c:\Users\Utilisateur\Documents\MyCodes\GitHub\LoupGarouMinecraftPlugin\bin\fr\fitzche\lgmore\scoreboard\Inventory\EventDisplay.class", "Java", 0, 0, -71, 0, 0, 0, 0, 0, 0, 0, 0, -71
"c:\Users\Utilisateur\Documents\MyCodes\GitHub\LoupGarouMinecraftPlugin\bin\fr\fitzche\lgmore\scoreboard\Inventory\GameTypeChoose.class", "Java", 0, 0, -31, 0, 0, 0, 0, 0, 0, 0, 0, -31
"c:\Users\Utilisateur\Documents\MyCodes\GitHub\LoupGarouMinecraftPlugin\bin\fr\fitzche\lgmore\scoreboard\Inventory\GeneralMenu.class", "Java", 0, 0, -47, 0, 0, 0, 0, 0, 0, 0, 0, -47
"c:\Users\Utilisateur\Documents\MyCodes\GitHub\LoupGarouMinecraftPlugin\bin\fr\fitzche\lgmore\scoreboard\Inventory\InvFunct.class", "Java", 0, 0, -3, 0, 0, 0, 0, 0, 0, 0, -1, -4
"c:\Users\Utilisateur\Documents\MyCodes\GitHub\LoupGarouMinecraftPlugin\bin\fr\fitzche\lgmore\scoreboard\Inventory\InventoryDisplay.class", "Java", 0, 0, -17, 0, 0, 0, 0, 0, 0, 0, 0, -17
"c:\Users\Utilisateur\Documents\MyCodes\GitHub\LoupGarouMinecraftPlugin\bin\fr\fitzche\lgmore\scoreboard\Inventory\PlayerDisplay.class", "Java", 0, 0, -51, 0, 0, 0, 0, 0, 0, 0, 0, -51
"c:\Users\Utilisateur\Documents\MyCodes\GitHub\LoupGarouMinecraftPlugin\bin\fr\fitzche\lgmore\scoreboard\Inventory\PlayerGameListInv.class", "Java", 0, 0, -35, 0, 0, 0, 0, 0, 0, 0, 0, -35
"c:\Users\Utilisateur\Documents\MyCodes\GitHub\LoupGarouMinecraftPlugin\bin\fr\fitzche\lgmore\scoreboard\Inventory\PresetFunct.class", "Java", 0, 0, -35, 0, 0, 0, 0, 0, 0, 0, 0, -35
"c:\Users\Utilisateur\Documents\MyCodes\GitHub\LoupGarouMinecraftPlugin\bin\fr\fitzche\lgmore\scoreboard\Inventory\ScenarioInv.class", "Java", 0, 0, -43, 0, 0, 0, 0, 0, 0, 0, 0, -43
"c:\Users\Utilisateur\Documents\MyCodes\GitHub\LoupGarouMinecraftPlugin\bin\fr\fitzche\lgmore\scoreboard\Inventory\StringChooseInv.class", "Java", 0, 0, -42, 0, 0, 0, 0, 0, 0, 0, 0, -42
"c:\Users\Utilisateur\Documents\MyCodes\GitHub\LoupGarouMinecraftPlugin\bin\fr\fitzche\lgmore\scoreboard\Inventory\SwapperConfigInv.class", "Java", 0, 0, -35, 0, 0, 0, 0, 0, 0, 0, 0, -35
"c:\Users\Utilisateur\Documents\MyCodes\GitHub\LoupGarouMinecraftPlugin\bin\fr\fitzche\lgmore\scoreboard\Inventory\VoteInv.class", "Java", 0, 0, -29, 0, 0, 0, 0, 0, 0, 0, 0, -29
"c:\Users\Utilisateur\Documents\MyCodes\GitHub\LoupGarouMinecraftPlugin\bin\fr\fitzche\lgmore\scoreboard\Inventory\playersDisplay$1.class", "Java", 0, 0, -10, 0, 0, 0, 0, 0, 0, 0, 0, -10
"c:\Users\Utilisateur\Documents\MyCodes\GitHub\LoupGarouMinecraftPlugin\bin\fr\fitzche\lgmore\scoreboard\Inventory\playersDisplay.class", "Java", 0, 0, -51, 0, 0, 0, 0, 0, 0, 0, 0, -51
"c:\Users\Utilisateur\Documents\MyCodes\GitHub\LoupGarouMinecraftPlugin\bin\fr\fitzche\lgmore\scoreboard\Inventory\sorcierInv.class", "Java", 0, 0, -47, 0, 0, 0, 0, 0, 0, 0, 0, -47
"c:\Users\Utilisateur\Documents\MyCodes\GitHub\LoupGarouMinecraftPlugin\bin\fr\fitzche\lgmore\scoreboard\ScoreboardLg.class", "Java", 0, 0, -44, 0, 0, 0, 0, 0, 0, 0, 0, -44
"c:\Users\Utilisateur\Documents\MyCodes\GitHub\LoupGarouMinecraftPlugin\bin\fr\fitzche\lgmore\scoreboard\StarBoard.class", "Java", 0, 0, -20, 0, 0, 0, 0, 0, 0, 0, 0, -20
"c:\Users\Utilisateur\Documents\MyCodes\GitHub\LoupGarouMinecraftPlugin\flagCapture\Color.java", "Java", 0, 0, -11, 0, 0, 0, 0, 0, 0, 0, -6, -17
"c:\Users\Utilisateur\Documents\MyCodes\GitHub\LoupGarouMinecraftPlugin\flagCapture\Flag.java", "Java", 0, 0, -63, 0, 0, 0, 0, 0, 0, 0, -17, -80
"c:\Users\Utilisateur\Documents\MyCodes\GitHub\LoupGarouMinecraftPlugin\flagCapture\FlagTab.java", "Java", 0, 0, -19, 0, 0, 0, 0, 0, 0, -1, -10, -30
"c:\Users\Utilisateur\Documents\MyCodes\GitHub\LoupGarouMinecraftPlugin\flagCapture\Main.java", "Java", 0, 0, -204, 0, 0, 0, 0, 0, 0, -1, -61, -266
"c:\Users\Utilisateur\Documents\MyCodes\GitHub\LoupGarouMinecraftPlugin\plugin.yml", "YAML", -20, 0, 0, 0, 0, 0, 0, 0, 0, 0, -1, -21
"c:\Users\Utilisateur\Documents\MyCodes\GitHub\LoupGarouMinecraftPlugin\src\StarParty\RoleStar.java", "Java", 0, 0, -6, 0, 0, 0, 0, 0, 0, 0, -6, -12
"c:\Users\Utilisateur\Documents\MyCodes\GitHub\LoupGarouMinecraftPlugin\src\StarParty\Role\Chewbaca.java", "Java", 0, 0, -22, 0, 0, 0, 0, 0, 0, -1, -10, -33
"c:\Users\Utilisateur\Documents\MyCodes\GitHub\LoupGarouMinecraftPlugin\src\StarParty\Role\DarkMaul.java", "Java", 0, 0, -27, 0, 0, 0, 0, 0, 0, 0, -10, -37
"c:\Users\Utilisateur\Documents\MyCodes\GitHub\LoupGarouMinecraftPlugin\src\StarParty\Role\DarkVador.java", "Java", 0, 0, -35, 0, 0, 0, 0, 0, 0, 0, -12, -47
"c:\Users\Utilisateur\Documents\MyCodes\GitHub\LoupGarouMinecraftPlugin\src\StarParty\Role\Dooku.java", "Java", 0, 0, -46, 0, 0, 0, 0, 0, 0, 0, -10, -56
"c:\Users\Utilisateur\Documents\MyCodes\GitHub\LoupGarouMinecraftPlugin\src\StarParty\Role\Grievous.java", "Java", 0, 0, -22, 0, 0, 0, 0, 0, 0, -1, -8, -31
"c:\Users\Utilisateur\Documents\MyCodes\GitHub\LoupGarouMinecraftPlugin\src\StarParty\Role\HanSolo.java", "Java", 0, 0, -24, 0, 0, 0, 0, 0, 0, -1, -9, -34
"c:\Users\Utilisateur\Documents\MyCodes\GitHub\LoupGarouMinecraftPlugin\src\StarParty\Role\Impe.java", "Java", 0, 0, -34, 0, 0, 0, 0, 0, 0, 0, -7, -41
"c:\Users\Utilisateur\Documents\MyCodes\GitHub\LoupGarouMinecraftPlugin\src\StarParty\Role\Jango.java", "Java", 0, 0, -103, 0, 0, 0, 0, 0, 0, 0, -20, -123
"c:\Users\Utilisateur\Documents\MyCodes\GitHub\LoupGarouMinecraftPlugin\src\StarParty\Role\Leila.java", "Java", 0, 0, -31, 0, 0, 0, 0, 0, 0, -1, -8, -40
"c:\Users\Utilisateur\Documents\MyCodes\GitHub\LoupGarouMinecraftPlugin\src\StarParty\Role\Luke.java", "Java", 0, 0, -29, 0, 0, 0, 0, 0, 0, 0, -8, -37
"c:\Users\Utilisateur\Documents\MyCodes\GitHub\LoupGarouMinecraftPlugin\src\StarParty\Role\Obiwan.java", "Java", 0, 0, -30, 0, 0, 0, 0, 0, 0, 0, -11, -41
"c:\Users\Utilisateur\Documents\MyCodes\GitHub\LoupGarouMinecraftPlugin\src\StarParty\Role\Palpatine.java", "Java", 0, 0, -32, 0, 0, 0, 0, 0, 0, -1, -10, -43
"c:\Users\Utilisateur\Documents\MyCodes\GitHub\LoupGarouMinecraftPlugin\src\StarParty\Role\QuiGon.java", "Java", 0, 0, -36, 0, 0, 0, 0, 0, 0, -1, -10, -47
"c:\Users\Utilisateur\Documents\MyCodes\GitHub\LoupGarouMinecraftPlugin\src\StarParty\Role\Stormtrooper.java", "Java", 0, 0, -12, 0, 0, 0, 0, 0, 0, -2, -7, -21
"c:\Users\Utilisateur\Documents\MyCodes\GitHub\LoupGarouMinecraftPlugin\src\StarParty\Role\Windu.java", "Java", 0, 0, -30, 0, 0, 0, 0, 0, 0, -1, -10, -41
"c:\Users\Utilisateur\Documents\MyCodes\GitHub\LoupGarouMinecraftPlugin\src\StarParty\Role\Yoda.java", "Java", 0, 0, -25, 0, 0, 0, 0, 0, 0, -1, -8, -34
"c:\Users\Utilisateur\Documents\MyCodes\GitHub\LoupGarouMinecraftPlugin\src\StarParty\RolesStar.java", "Java", 0, 0, -54, 0, 0, 0, 0, 0, 0, 0, -12, -66
"c:\Users\Utilisateur\Documents\MyCodes\GitHub\LoupGarouMinecraftPlugin\src\StarParty\StarListener.java", "Java", 0, 0, -403, 0, 0, 0, 0, 0, 0, -7, -72, -482
"c:\Users\Utilisateur\Documents\MyCodes\GitHub\LoupGarouMinecraftPlugin\src\StarParty\StarParty.java", "Java", 0, 0, -209, 0, 0, 0, 0, 0, 0, 0, -34, -243
"c:\Users\Utilisateur\Documents\MyCodes\GitHub\LoupGarouMinecraftPlugin\src\StarParty\StarUtil.java", "Java", 0, 0, -59, 0, 0, 0, 0, 0, 0, 0, -6, -65
"c:\Users\Utilisateur\Documents\MyCodes\GitHub\LoupGarouMinecraftPlugin\src\WorldEditUtil\BiomeChanger.java", "Java", 0, 0, -33, 0, 0, 0, 0, 0, 0, -1, -12, -46
"c:\Users\Utilisateur\Documents\MyCodes\GitHub\LoupGarouMinecraftPlugin\src\WorldEditUtil\EmptyWorldGenerator.java", "Java", 0, 0, -16, 0, 0, 0, 0, 0, 0, 0, -5, -21
"c:\Users\Utilisateur\Documents\MyCodes\GitHub\LoupGarouMinecraftPlugin\src\WorldEditUtil\StructureLoader.java", "Java", 0, 0, -106, 0, 0, 0, 0, 0, 0, -6, -43, -155
"c:\Users\Utilisateur\Documents\MyCodes\GitHub\LoupGarouMinecraftPlugin\src\fr\fitzche\flagCapture\Color.java", "Java", 0, 0, -11, 0, 0, 0, 0, 0, 0, 0, -6, -17
"c:\Users\Utilisateur\Documents\MyCodes\GitHub\LoupGarouMinecraftPlugin\src\fr\fitzche\flagCapture\Flag.java", "Java", 0, 0, -64, 0, 0, 0, 0, 0, 0, 0, -18, -82
"c:\Users\Utilisateur\Documents\MyCodes\GitHub\LoupGarouMinecraftPlugin\src\fr\fitzche\flagCapture\FlagTab.java", "Java", 0, 0, -19, 0, 0, 0, 0, 0, 0, -1, -10, -30
"c:\Users\Utilisateur\Documents\MyCodes\GitHub\LoupGarouMinecraftPlugin\src\fr\fitzche\flagCapture\Main2.java", "Java", 0, 0, -247, 0, 0, 0, 0, 0, 0, -1, -82, -330
"c:\Users\Utilisateur\Documents\MyCodes\GitHub\LoupGarouMinecraftPlugin\src\fr\fitzche\lgmore\Camp.java", "Java", 0, 0, -31, 0, 0, 0, 0, 0, 0, 0, -10, -41
"c:\Users\Utilisateur\Documents\MyCodes\GitHub\LoupGarouMinecraftPlugin\src\fr\fitzche\lgmore\GameStatut.java", "Java", 0, 0, -4, 0, 0, 0, 0, 0, 0, 0, -2, -6
"c:\Users\Utilisateur\Documents\MyCodes\GitHub\LoupGarouMinecraftPlugin\src\fr\fitzche\lgmore\InfinityStones\Stone.java", "Java", 0, 0, -88, 0, 0, 0, 0, 0, 0, -9, -28, -125
"c:\Users\Utilisateur\Documents\MyCodes\GitHub\LoupGarouMinecraftPlugin\src\fr\fitzche\lgmore\InfinityStones\StonesType.java", "Java", 0, 0, -11, 0, 0, 0, 0, 0, 0, 0, -5, -16
"c:\Users\Utilisateur\Documents\MyCodes\GitHub\LoupGarouMinecraftPlugin\src\fr\fitzche\lgmore\Lg\GameLg.java", "Java", 0, 0, -1562, 0, 0, 0, 0, 0, 0, -18, -410, -1990
"c:\Users\Utilisateur\Documents\MyCodes\GitHub\LoupGarouMinecraftPlugin\src\fr\fitzche\lgmore\Lg\GameLgListener.java", "Java", 0, 0, -233, 0, 0, 0, 0, 0, 0, -18, -83, -334
"c:\Users\Utilisateur\Documents\MyCodes\GitHub\LoupGarouMinecraftPlugin\src\fr\fitzche\lgmore\Lg\GameNote.java", "Java", 0, 0, -59, 0, 0, 0, 0, 0, 0, 0, -15, -74
"c:\Users\Utilisateur\Documents\MyCodes\GitHub\LoupGarouMinecraftPlugin\src\fr\fitzche\lgmore\Lg\PlayerNote.java", "Java", 0, 0, -20, 0, 0, 0, 0, 0, 0, 0, -9, -29
"c:\Users\Utilisateur\Documents\MyCodes\GitHub\LoupGarouMinecraftPlugin\src\fr\fitzche\lgmore\Lg\RegisterType.java", "Java", 0, 0, -5, 0, 0, 0, 0, 0, 0, 0, -3, -8
"c:\Users\Utilisateur\Documents\MyCodes\GitHub\LoupGarouMinecraftPlugin\src\fr\fitzche\lgmore\Lg\SpecialsBlock\AccuseBlockData.java", "Java", 0, 0, -7, 0, 0, 0, 0, 0, 0, -1, -4, -12
"c:\Users\Utilisateur\Documents\MyCodes\GitHub\LoupGarouMinecraftPlugin\src\fr\fitzche\lgmore\Lg\SpecialsBlock\CauldronBlockData.java", "Java", 0, 0, -7, 0, 0, 0, 0, 0, 0, -1, -4, -12
"c:\Users\Utilisateur\Documents\MyCodes\GitHub\LoupGarouMinecraftPlugin\src\fr\fitzche\lgmore\Lg\SpecialsBlock\SpecialBlock.java", "Java", 0, 0, -233, 0, 0, 0, 0, 0, 0, -1, -49, -283
"c:\Users\Utilisateur\Documents\MyCodes\GitHub\LoupGarouMinecraftPlugin\src\fr\fitzche\lgmore\Lg\SpecialsBlock\SpecialBlockData.java", "Java", 0, 0, -4, 0, 0, 0, 0, 0, 0, 0, -6, -10
"c:\Users\Utilisateur\Documents\MyCodes\GitHub\LoupGarouMinecraftPlugin\src\fr\fitzche\lgmore\Lg\SpecialsBlock\SpecialBlockType.java", "Java", 0, 0, -4, 0, 0, 0, 0, 0, 0, 0, -2, -6
"c:\Users\Utilisateur\Documents\MyCodes\GitHub\LoupGarouMinecraftPlugin\src\fr\fitzche\lgmore\Lg\SpecialsBlock\StoneBlockData.java", "Java", 0, 0, -19, 0, 0, 0, 0, 0, 0, -1, -7, -27
"c:\Users\Utilisateur\Documents\MyCodes\GitHub\LoupGarouMinecraftPlugin\src\fr\fitzche\lgmore\Lg\SpecialsBlock\TreasureBlockData.java", "Java", 0, 0, -15, 0, 0, 0, 0, 0, 0, -1, -6, -22
"c:\Users\Utilisateur\Documents\MyCodes\GitHub\LoupGarouMinecraftPlugin\src\fr\fitzche\lgmore\Lg\SpecialsBlock\TreasureBlockType.java", "Java", 0, 0, -4, 0, 0, 0, 0, 0, 0, 0, -2, -6
"c:\Users\Utilisateur\Documents\MyCodes\GitHub\LoupGarouMinecraftPlugin\src\fr\fitzche\lgmore\Lg\SpecialsBlock\VoteBlockData.java", "Java", 0, 0, -13, 0, 0, 0, 0, 0, 0, -1, -6, -20
"c:\Users\Utilisateur\Documents\MyCodes\GitHub\LoupGarouMinecraftPlugin\src\fr\fitzche\lgmore\Main.java", "Java", 0, 0, -613, 0, 0, 0, 0, 0, 0, -7, -152, -772
"c:\Users\Utilisateur\Documents\MyCodes\GitHub\LoupGarouMinecraftPlugin\src\fr\fitzche\lgmore\PlayerData.java", "Java", 0, 0, -389, 0, 0, 0, 0, 0, 0, -9, -82, -480
"c:\Users\Utilisateur\Documents\MyCodes\GitHub\LoupGarouMinecraftPlugin\src\fr\fitzche\lgmore\Role.java", "Java", 0, 0, -4, 0, 0, 0, 0, 0, 0, 0, -4, -8
"c:\Users\Utilisateur\Documents\MyCodes\GitHub\LoupGarouMinecraftPlugin\src\fr\fitzche\lgmore\RoleInstance.java", "Java", 0, 0, -29, 0, 0, 0, 0, 0, 0, 0, -20, -49
"c:\Users\Utilisateur\Documents\MyCodes\GitHub\LoupGarouMinecraftPlugin\src\fr\fitzche\lgmore\RolesLg\ALLUMEUR.java", "Java", 0, 0, -101, 0, 0, 0, 0, 0, 0, -6, -36, -143
"c:\Users\Utilisateur\Documents\MyCodes\GitHub\LoupGarouMinecraftPlugin\src\fr\fitzche\lgmore\RolesLg\ANCIEN.java", "Java", 0, 0, -87, 0, 0, 0, 0, 0, 0, -9, -38, -134
"c:\Users\Utilisateur\Documents\MyCodes\GitHub\LoupGarouMinecraftPlugin\src\fr\fitzche\lgmore\RolesLg\ANGE.java", "Java", 0, 0, -173, 0, 0, 0, 0, 0, 0, -5, -60, -238
"c:\Users\Utilisateur\Documents\MyCodes\GitHub\LoupGarouMinecraftPlugin\src\fr\fitzche\lgmore\RolesLg\ASSASSIN.java", "Java", 0, 0, -95, 0, 0, 0, 0, 0, 0, -6, -38, -139
"c:\Users\Utilisateur\Documents\MyCodes\GitHub\LoupGarouMinecraftPlugin\src\fr\fitzche\lgmore\RolesLg\Aura.java", "Java", 0, 0, -17, 0, 0, 0, 0, 0, 0, 0, -5, -22
"c:\Users\Utilisateur\Documents\MyCodes\GitHub\LoupGarouMinecraftPlugin\src\fr\fitzche\lgmore\RolesLg\BIENFAITEUR.java", "Java", 0, 0, -94, 0, 0, 0, 0, 0, 0, -9, -40, -143
"c:\Users\Utilisateur\Documents\MyCodes\GitHub\LoupGarouMinecraftPlugin\src\fr\fitzche\lgmore\RolesLg\CHASSEUR.java", "Java", 0, 0, -99, 0, 0, 0, 0, 0, 0, -1, -53, -153
"c:\Users\Utilisateur\Documents\MyCodes\GitHub\LoupGarouMinecraftPlugin\src\fr\fitzche\lgmore\RolesLg\COMEDIEN.java", "Java", 0, 0, -103, 0, 0, 0, 0, 0, 0, -6, -40, -149
"c:\Users\Utilisateur\Documents\MyCodes\GitHub\LoupGarouMinecraftPlugin\src\fr\fitzche\lgmore\RolesLg\CORBEAU.java", "Java", 0, 0, -84, 0, 0, 0, 0, 0, 0, -9, -36, -129
"c:\Users\Utilisateur\Documents\MyCodes\GitHub\LoupGarouMinecraftPlugin\src\fr\fitzche\lgmore\RolesLg\CUPIDON.java", "Java", 0, 0, -129, 0, 0, 0, 0, 0, 0, -9, -56, -194
"c:\Users\Utilisateur\Documents\MyCodes\GitHub\LoupGarouMinecraftPlugin\src\fr\fitzche\lgmore\RolesLg\Checkers\AncienChecker.java", "Java", 0, 0, -74, 0, 0, 0, 0, 0, 0, -10, -24, -108
"c:\Users\Utilisateur\Documents\MyCodes\GitHub\LoupGarouMinecraftPlugin\src\fr\fitzche\lgmore\RolesLg\Checkers\AngeChecker.java", "Java", 0, 0, -68, 0, 0, 0, 0, 0, 0, -11, -18, -97
"c:\Users\Utilisateur\Documents\MyCodes\GitHub\LoupGarouMinecraftPlugin\src\fr\fitzche\lgmore\RolesLg\Checkers\Brume_Checker.java", "Java", 0, 0, -78, 0, 0, 0, 0, 0, 0, -9, -17, -104
"c:\Users\Utilisateur\Documents\MyCodes\GitHub\LoupGarouMinecraftPlugin\src\fr\fitzche\lgmore\RolesLg\Checkers\ComedienChecker.java", "Java", 0, 0, -82, 0, 0, 0, 0, 0, 0, -9, -23, -114
"c:\Users\Utilisateur\Documents\MyCodes\GitHub\LoupGarouMinecraftPlugin\src\fr\fitzche\lgmore\RolesLg\Checkers\EnfantChecker.java", "Java", 0, 0, -81, 0, 0, 0, 0, 0, 0, -11, -27, -119
"c:\Users\Utilisateur\Documents\MyCodes\GitHub\LoupGarouMinecraftPlugin\src\fr\fitzche\lgmore\RolesLg\Checkers\ErmiteChecker.java", "Java", 0, 0, -84, 0, 0, 0, 0, 0, 0, -9, -25, -118
"c:\Users\Utilisateur\Documents\MyCodes\GitHub\LoupGarouMinecraftPlugin\src\fr\fitzche\lgmore\RolesLg\Checkers\FauconChecker.java", "Java", 0, 0, -84, 0, 0, 0, 0, 0, 0, -11, -28, -123
"c:\Users\Utilisateur\Documents\MyCodes\GitHub\LoupGarouMinecraftPlugin\src\fr\fitzche\lgmore\RolesLg\Checkers\IDV_Checker.java", "Java", 0, 0, -78, 0, 0, 0, 0, 0, 0, -10, -16, -104
"c:\Users\Utilisateur\Documents\MyCodes\GitHub\LoupGarouMinecraftPlugin\src\fr\fitzche\lgmore\RolesLg\Checkers\LgBarbare_Checker.java", "Java", 0, 0, -67, 0, 0, 0, 0, 0, 0, -11, -25, -103
"c:\Users\Utilisateur\Documents\MyCodes\GitHub\LoupGarouMinecraftPlugin\src\fr\fitzche\lgmore\RolesLg\Checkers\MysticChecker.java", "Java", 0, 0, -68, 0, 0, 0, 0, 0, 0, -11, -24, -103
"c:\Users\Utilisateur\Documents\MyCodes\GitHub\LoupGarouMinecraftPlugin\src\fr\fitzche\lgmore\RolesLg\Checkers\NecroChecker.java", "Java", 0, 0, -82, 0, 0, 0, 0, 0, 0, -10, -24, -116
"c:\Users\Utilisateur\Documents\MyCodes\GitHub\LoupGarouMinecraftPlugin\src\fr\fitzche\lgmore\RolesLg\Checkers\ParrainChecker.java", "Java", 0, 0, -68, 0, 0, 0, 0, 0, 0, -11, -16, -95
"c:\Users\Utilisateur\Documents\MyCodes\GitHub\LoupGarouMinecraftPlugin\src\fr\fitzche\lgmore\RolesLg\Checkers\PoisonVirusChecker.java", "Java", 0, 0, -69, 0, 0, 0, 0, 0, 0, -11, -18, -98
"c:\Users\Utilisateur\Documents\MyCodes\GitHub\LoupGarouMinecraftPlugin\src\fr\fitzche\lgmore\RolesLg\Checkers\RegisterCheck.java", "Java", 0, 0, -176, 0, 0, 0, 0, 0, 0, -4, -39, -219
"c:\Users\Utilisateur\Documents\MyCodes\GitHub\LoupGarouMinecraftPlugin\src\fr\fitzche\lgmore\RolesLg\Checkers\SanguinaireChecker.java", "Java", 0, 0, -65, 0, 0, 0, 0, 0, 0, -11, -23, -99
"c:\Users\Utilisateur\Documents\MyCodes\GitHub\LoupGarouMinecraftPlugin\src\fr\fitzche\lgmore\RolesLg\Checkers\SoeurChecker.java", "Java", 0, 0, -73, 0, 0, 0, 0, 0, 0, -11, -16, -100
"c:\Users\Utilisateur\Documents\MyCodes\GitHub\LoupGarouMinecraftPlugin\src\fr\fitzche\lgmore\RolesLg\Checkers\TimeresCheck.java", "Java", 0, 0, -61, 0, 0, 0, 0, 0, 0, -10, -23, -94
"c:\Users\Utilisateur\Documents\MyCodes\GitHub\LoupGarouMinecraftPlugin\src\fr\fitzche\lgmore\RolesLg\Checkers\TrackRes.java", "Java", 0, 0, -67, 0, 0, 0, 0, 0, 0, -11, -25, -103
"c:\Users\Utilisateur\Documents\MyCodes\GitHub\LoupGarouMinecraftPlugin\src\fr\fitzche\lgmore\RolesLg\Checkers\VirusChecker.java", "Java", 0, 0, -81, 0, 0, 0, 0, 0, 0, -10, -19, -110
"c:\Users\Utilisateur\Documents\MyCodes\GitHub\LoupGarouMinecraftPlugin\src\fr\fitzche\lgmore\RolesLg\Checkers\VoleurChecker.java", "Java", 0, 0, -83, 0, 0, 0, 0, 0, 0, -11, -21, -115
"c:\Users\Utilisateur\Documents\MyCodes\GitHub\LoupGarouMinecraftPlugin\src\fr\fitzche\lgmore\RolesLg\Checkers\VoteChecker.java", "Java", 0, 0, -73, 0, 0, 0, 0, 0, 0, -11, -18, -102
"c:\Users\Utilisateur\Documents\MyCodes\GitHub\LoupGarouMinecraftPlugin\src\fr\fitzche\lgmore\RolesLg\Checkers\craintifChecker.java", "Java", 0, 0, -85, 0, 0, 0, 0, 0, 0, -9, -23, -117
"c:\Users\Utilisateur\Documents\MyCodes\GitHub\LoupGarouMinecraftPlugin\src\fr\fitzche\lgmore\RolesLg\Checkers\damneChecker.java", "Java", 0, 0, -64, 0, 0, 0, 0, 0, 0, -11, -24, -99
"c:\Users\Utilisateur\Documents\MyCodes\GitHub\LoupGarouMinecraftPlugin\src\fr\fitzche\lgmore\RolesLg\Checkers\demonChecker.java", "Java", 0, 0, -126, 0, 0, 0, 0, 0, 0, -9, -33, -168
"c:\Users\Utilisateur\Documents\MyCodes\GitHub\LoupGarouMinecraftPlugin\src\fr\fitzche\lgmore\RolesLg\Checkers\servantLgChecker.java", "Java", 0, 0, -76, 0, 0, 0, 0, 0, 0, -9, -25, -110
"c:\Users\Utilisateur\Documents\MyCodes\GitHub\LoupGarouMinecraftPlugin\src\fr\fitzche\lgmore\RolesLg\Checkers\thierceAnge_Checker.java", "Java", 0, 0, -68, 0, 0, 0, 0, 0, 0, -10, -19, -97
"c:\Users\Utilisateur\Documents\MyCodes\GitHub\LoupGarouMinecraftPlugin\src\fr\fitzche\lgmore\RolesLg\DAMNE.java", "Java", 0, 0, -80, 0, 0, 0, 0, 0, 0, -6, -37, -123
"c:\Users\Utilisateur\Documents\MyCodes\GitHub\LoupGarouMinecraftPlugin\src\fr\fitzche\lgmore\RolesLg\DEMON.java", "Java", 0, 0, -189, 0, 0, 0, 0, 0, 0, -5, -71, -265
"c:\Users\Utilisateur\Documents\MyCodes\GitHub\LoupGarouMinecraftPlugin\src\fr\fitzche\lgmore\RolesLg\DISCIPLE.java", "Java", 0, 0, -195, 0, 0, 0, 0, 0, 0, -5, -56, -256
"c:\Users\Utilisateur\Documents\MyCodes\GitHub\LoupGarouMinecraftPlugin\src\fr\fitzche\lgmore\RolesLg\ENFANT_SAUVAGE.java", "Java", 0, 0, -115, 0, 0, 0, 0, 0, 0, -9, -53, -177
"c:\Users\Utilisateur\Documents\MyCodes\GitHub\LoupGarouMinecraftPlugin\src\fr\fitzche\lgmore\RolesLg\ERMITE.java", "Java", 0, 0, -90, 0, 0, 0, 0, 0, 0, -6, -35, -131
"c:\Users\Utilisateur\Documents\MyCodes\GitHub\LoupGarouMinecraftPlugin\src\fr\fitzche\lgmore\RolesLg\FAUCONNIER.java", "Java", 0, 0, -85, 0, 0, 0, 0, 0, 0, -10, -32, -127
"c:\Users\Utilisateur\Documents\MyCodes\GitHub\LoupGarouMinecraftPlugin\src\fr\fitzche\lgmore\RolesLg\IDIOT_DU_VILLAGE.java", "Java", 0, 0, -76, 0, 0, 0, 0, 0, 0, -10, -32, -118
"c:\Users\Utilisateur\Documents\MyCodes\GitHub\LoupGarouMinecraftPlugin\src\fr\fitzche\lgmore\RolesLg\INFECT_PERE_DES_LOUPS.java", "Java", 0, 0, -117, 0, 0, 0, 0, 0, 0, -9, -61, -187
"c:\Users\Utilisateur\Documents\MyCodes\GitHub\LoupGarouMinecraftPlugin\src\fr\fitzche\lgmore\RolesLg\INTERPRETE.java", "Java", 0, 0, -154, 0, 0, 0, 0, 0, 0, -3, -48, -205
"c:\Users\Utilisateur\Documents\MyCodes\GitHub\LoupGarouMinecraftPlugin\src\fr\fitzche\lgmore\RolesLg\Infections\Virus.java", "Java", 0, 0, -197, 0, 0, 0, 0, 0, 0, 0, -41, -238
"c:\Users\Utilisateur\Documents\MyCodes\GitHub\LoupGarouMinecraftPlugin\src\fr\fitzche\lgmore\RolesLg\Infections\VirusType.java", "Java", 0, 0, -4, 0, 0, 0, 0, 0, 0, 0, -2, -6
"c:\Users\Utilisateur\Documents\MyCodes\GitHub\LoupGarouMinecraftPlugin\src\fr\fitzche\lgmore\RolesLg\LOUP_ALCHIMISTE.java", "Java", 0, 0, -168, 0, 0, 0, 0, 0, 0, -8, -60, -236
"c:\Users\Utilisateur\Documents\MyCodes\GitHub\LoupGarouMinecraftPlugin\src\fr\fitzche\lgmore\RolesLg\LOUP_BARBARE.java", "Java", 0, 0, -74, 0, 0, 0, 0, 0, 0, -10, -37, -121
"c:\Users\Utilisateur\Documents\MyCodes\GitHub\LoupGarouMinecraftPlugin\src\fr\fitzche\lgmore\RolesLg\LOUP_BRUMEUX.java", "Java", 0, 0, -111, 0, 0, 0, 0, 0, 0, -9, -49, -169
"c:\Users\Utilisateur\Documents\MyCodes\GitHub\LoupGarouMinecraftPlugin\src\fr\fitzche\lgmore\RolesLg\LOUP_CRAINTIF.java", "Java", 0, 0, -102, 0, 0, 0, 0, 0, 0, -9, -45, -156
"c:\Users\Utilisateur\Documents\MyCodes\GitHub\LoupGarouMinecraftPlugin\src\fr\fitzche\lgmore\RolesLg\LOUP_GRIMEUR.java", "Java", 0, 0, -100, 0, 0, 0, 0, 0, 0, -9, -52, -161
"c:\Users\Utilisateur\Documents\MyCodes\GitHub\LoupGarouMinecraftPlugin\src\fr\fitzche\lgmore\RolesLg\LOUP_HURLEUR.java", "Java", 0, 0, -114, 0, 0, 0, 0, 0, 0, -9, -47, -170
"c:\Users\Utilisateur\Documents\MyCodes\GitHub\LoupGarouMinecraftPlugin\src\fr\fitzche\lgmore\RolesLg\LOUP_MANIPULATEUR.java", "Java", 0, 0, -93, 0, 0, 0, 0, 0, 0, -13, -37, -143
"c:\Users\Utilisateur\Documents\MyCodes\GitHub\LoupGarouMinecraftPlugin\src\fr\fitzche\lgmore\RolesLg\LOUP_METAMORPHE.java", "Java", 0, 0, -95, 0, 0, 0, 0, 0, 0, -9, -40, -144
"c:\Users\Utilisateur\Documents\MyCodes\GitHub\LoupGarouMinecraftPlugin\src\fr\fitzche\lgmore\RolesLg\LOUP_MYSTIQUE.java", "Java", 0, 0, -97, 0, 0, 0, 0, 0, 0, -10, -51, -158
"c:\Users\Utilisateur\Documents\MyCodes\GitHub\LoupGarouMinecraftPlugin\src\fr\fitzche\lgmore\RolesLg\LOUP_SANGUINAIRE.java", "Java", 0, 0, -86, 0, 0, 0, 0, 0, 0, -10, -44, -140
"c:\Users\Utilisateur\Documents\MyCodes\GitHub\LoupGarouMinecraftPlugin\src\fr\fitzche\lgmore\RolesLg\MONTREUR.java", "Java", 0, 0, -85, 0, 0, 0, 0, 0, 0, -6, -31, -122
"c:\Users\Utilisateur\Documents\MyCodes\GitHub\LoupGarouMinecraftPlugin\src\fr\fitzche\lgmore\RolesLg\NECROMANCIEN.java", "Java", 0, 0, -79, 0, 0, 0, 0, 0, 0, -11, -33, -123
"c:\Users\Utilisateur\Documents\MyCodes\GitHub\LoupGarouMinecraftPlugin\src\fr\fitzche\lgmore\RolesLg\NEGOCIATEUR.java", "Java", 0, 0, -109, 0, 0, 0, 0, 0, 0, -4, -44, -157
"c:\Users\Utilisateur\Documents\MyCodes\GitHub\LoupGarouMinecraftPlugin\src\fr\fitzche\lgmore\RolesLg\PARRAIN.java", "Java", 0, 0, -138, 0, 0, 0, 0, 0, 0, -4, -47, -189
"c:\Users\Utilisateur\Documents\MyCodes\GitHub\LoupGarouMinecraftPlugin\src\fr\fitzche\lgmore\RolesLg\PERFIDE.java", "Java", 0, 0, -101, 0, 0, 0, 0, 0, 0, -4, -48, -153
"c:\Users\Utilisateur\Documents\MyCodes\GitHub\LoupGarouMinecraftPlugin\src\fr\fitzche\lgmore\RolesLg\PETITE_FILLE.java", "Java", 0, 0, -99, 0, 0, 0, 0, 0, 0, -4, -45, -148
"c:\Users\Utilisateur\Documents\MyCodes\GitHub\LoupGarouMinecraftPlugin\src\fr\fitzche\lgmore\RolesLg\PYROMANE.java", "Java", 0, 0, -206, 0, 0, 0, 0, 0, 0, -5, -59, -270
"c:\Users\Utilisateur\Documents\MyCodes\GitHub\LoupGarouMinecraftPlugin\src\fr\fitzche\lgmore\RolesLg\RENARD.java", "Java", 0, 0, -119, 0, 0, 0, 0, 0, 0, -8, -53, -180
"c:\Users\Utilisateur\Documents\MyCodes\GitHub\LoupGarouMinecraftPlugin\src\fr\fitzche\lgmore\RolesLg\RoleDisplay.java", "Java", 0, 0, -71, 0, 0, 0, 0, 0, 0, -1, -33, -105
"c:\Users\Utilisateur\Documents\MyCodes\GitHub\LoupGarouMinecraftPlugin\src\fr\fitzche\lgmore\RolesLg\RolesLg.java", "Java", 0, 0, -117, 0, 0, 0, 0, 0, 0, 0, -19, -136
"c:\Users\Utilisateur\Documents\MyCodes\GitHub\LoupGarouMinecraftPlugin\src\fr\fitzche\lgmore\RolesLg\SAGE.java", "Java", 0, 0, -96, 0, 0, 0, 0, 0, 0, -8, -34, -138
"c:\Users\Utilisateur\Documents\MyCodes\GitHub\LoupGarouMinecraftPlugin\src\fr\fitzche\lgmore\RolesLg\SALVATEUR.java", "Java", 0, 0, -105, 0, 0, 0, 0, 0, 0, -7, -38, -150
"c:\Users\Utilisateur\Documents\MyCodes\GitHub\LoupGarouMinecraftPlugin\src\fr\fitzche\lgmore\RolesLg\SIMPLE_VILLAGER.java", "Java", 0, 0, -90, 0, 0, 0, 0, 0, 0, -7, -34, -131
"c:\Users\Utilisateur\Documents\MyCodes\GitHub\LoupGarouMinecraftPlugin\src\fr\fitzche\lgmore\RolesLg\SIMPLE_WOLF.java", "Java", 0, 0, -83, 0, 0, 0, 0, 0, 0, -10, -44, -137
"c:\Users\Utilisateur\Documents\MyCodes\GitHub\LoupGarouMinecraftPlugin\src\fr\fitzche\lgmore\RolesLg\SOEUR.java", "Java", 0, 0, -108, 0, 0, 0, 0, 0, 0, -6, -36, -150
"c:\Users\Utilisateur\Documents\MyCodes\GitHub\LoupGarouMinecraftPlugin\src\fr\fitzche\lgmore\RolesLg\SORCIER.java", "Java", 0, 0, -88, 0, 0, 0, 0, 0, 0, -7, -38, -133
"c:\Users\Utilisateur\Documents\MyCodes\GitHub\LoupGarouMinecraftPlugin\src\fr\fitzche\lgmore\RolesLg\SORCIERE.java", "Java", 0, 0, -105, 0, 0, 0, 0, 0, 0, -9, -38, -152
"c:\Users\Utilisateur\Documents\MyCodes\GitHub\LoupGarouMinecraftPlugin\src\fr\fitzche\lgmore\RolesLg\SWAPPER.java", "Java", 0, 0, -71, 0, 0, 0, 0, 0, 0, -13, -31, -115
"c:\Users\Utilisateur\Documents\MyCodes\GitHub\LoupGarouMinecraftPlugin\src\fr\fitzche\lgmore\RolesLg\Servant_des_loups.java", "Java", 0, 0, -79, 0, 0, 0, 0, 0, 0, -11, -32, -122
"c:\Users\Utilisateur\Documents\MyCodes\GitHub\LoupGarouMinecraftPlugin\src\fr\fitzche\lgmore\RolesLg\THANOS.java", "Java", 0, 0, -121, 0, 0, 0, 0, 0, 0, -5, -50, -176
"c:\Users\Utilisateur\Documents\MyCodes\GitHub\LoupGarouMinecraftPlugin\src\fr\fitzche\lgmore\RolesLg\THIERCE_ANGE.java", "Java", 0, 0, -106, 0, 0, 0, 0, 0, 0, -5, -50, -161
"c:\Users\Utilisateur\Documents\MyCodes\GitHub\LoupGarouMinecraftPlugin\src\fr\fitzche\lgmore\RolesLg\TRAQUEUR.java", "Java", 0, 0, -116, 0, 0, 0, 0, 0, 0, -5, -37, -158
"c:\Users\Utilisateur\Documents\MyCodes\GitHub\LoupGarouMinecraftPlugin\src\fr\fitzche\lgmore\RolesLg\VOLEUR.java", "Java", 0, 0, -90, 0, 0, 0, 0, 0, 0, -9, -47, -146
"c:\Users\Utilisateur\Documents\MyCodes\GitHub\LoupGarouMinecraftPlugin\src\fr\fitzche\lgmore\RolesLg\VOYANTE.java", "Java", 0, 0, -114, 0, 0, 0, 0, 0, 0, -5, -64, -183
"c:\Users\Utilisateur\Documents\MyCodes\GitHub\LoupGarouMinecraftPlugin\src\fr\fitzche\lgmore\Timer.java", "Java", 0, 0, -58, 0, 0, 0, 0, 0, 0, -1, -12, -71
"c:\Users\Utilisateur\Documents\MyCodes\GitHub\LoupGarouMinecraftPlugin\src\fr\fitzche\lgmore\Util\CommandUtil.java", "Java", 0, 0, -20, 0, 0, 0, 0, 0, 0, 0, -10, -30
"c:\Users\Utilisateur\Documents\MyCodes\GitHub\LoupGarouMinecraftPlugin\src\fr\fitzche\lgmore\Util\GameLgUtil.java", "Java", 0, 0, -164, 0, 0, 0, 0, 0, 0, -1, -55, -220
"c:\Users\Utilisateur\Documents\MyCodes\GitHub\LoupGarouMinecraftPlugin\src\fr\fitzche\lgmore\Util\HealthSyncer.java", "Java", 0, 0, -61, 0, 0, 0, 0, 0, 0, 0, -14, -75
"c:\Users\Utilisateur\Documents\MyCodes\GitHub\LoupGarouMinecraftPlugin\src\fr\fitzche\lgmore\Util\InventoryUtil.java", "Java", 0, 0, -38, 0, 0, 0, 0, 0, 0, -1, -11, -50
"c:\Users\Utilisateur\Documents\MyCodes\GitHub\LoupGarouMinecraftPlugin\src\fr\fitzche\lgmore\Util\ItemUtil.java", "Java", 0, 0, -135, 0, 0, 0, 0, 0, 0, -8, -28, -171
"c:\Users\Utilisateur\Documents\MyCodes\GitHub\LoupGarouMinecraftPlugin\src\fr\fitzche\lgmore\Util\LineLocationHelper.java", "Java", 0, 0, -69, 0, 0, 0, 0, 0, 0, -51, -21, -141
"c:\Users\Utilisateur\Documents\MyCodes\GitHub\LoupGarouMinecraftPlugin\src\fr\fitzche\lgmore\Util\LineRapport.java", "Java", 0, 0, -15, 0, 0, 0, 0, 0, 0, 0, -8, -23
"c:\Users\Utilisateur\Documents\MyCodes\GitHub\LoupGarouMinecraftPlugin\src\fr\fitzche\lgmore\Util\LocationUtil.java", "Java", 0, 0, -89, 0, 0, 0, 0, 0, 0, 0, -20, -109
"c:\Users\Utilisateur\Documents\MyCodes\GitHub\LoupGarouMinecraftPlugin\src\fr\fitzche\lgmore\Util\MathUtil.java", "Java", 0, 0, -64, 0, 0, 0, 0, 0, 0, 0, -14, -78
"c:\Users\Utilisateur\Documents\MyCodes\GitHub\LoupGarouMinecraftPlugin\src\fr\fitzche\lgmore\Util\MyStringUtil.java", "Java", 0, 0, -38, 0, 0, 0, 0, 0, 0, 0, -4, -42
"c:\Users\Utilisateur\Documents\MyCodes\GitHub\LoupGarouMinecraftPlugin\src\fr\fitzche\lgmore\Util\PlayerUtil.java", "Java", 0, 0, -74, 0, 0, 0, 0, 0, 0, -12, -31, -117
"c:\Users\Utilisateur\Documents\MyCodes\GitHub\LoupGarouMinecraftPlugin\src\fr\fitzche\lgmore\Util\PotionUtil.java", "Java", 0, 0, -26, 0, 0, 0, 0, 0, 0, -1, -17, -44
"c:\Users\Utilisateur\Documents\MyCodes\GitHub\LoupGarouMinecraftPlugin\src\fr\fitzche\lgmore\Util\Registre.java", "Java", 0, 0, -16, 0, 0, 0, 0, 0, 0, 0, -7, -23
"c:\Users\Utilisateur\Documents\MyCodes\GitHub\LoupGarouMinecraftPlugin\src\fr\fitzche\lgmore\Util\RoleUtil.java", "Java", 0, 0, -355, 0, 0, 0, 0, 0, 0, 0, -65, -420
"c:\Users\Utilisateur\Documents\MyCodes\GitHub\LoupGarouMinecraftPlugin\src\fr\fitzche\lgmore\Util\VoteEvent.java", "Java", 0, 0, -35, 0, 0, 0, 0, 0, 0, 0, -12, -47
"c:\Users\Utilisateur\Documents\MyCodes\GitHub\LoupGarouMinecraftPlugin\src\fr\fitzche\lgmore\Util\WorldUtil.java", "Java", 0, 0, -18, 0, 0, 0, 0, 0, 0, -8, -5, -31
"c:\Users\Utilisateur\Documents\MyCodes\GitHub\LoupGarouMinecraftPlugin\src\fr\fitzche\lgmore\commands\FutureAction.java", "Java", 0, 0, -10, 0, 0, 0, 0, 0, 0, 0, -5, -15
"c:\Users\Utilisateur\Documents\MyCodes\GitHub\LoupGarouMinecraftPlugin\src\fr\fitzche\lgmore\commands\Hub.java", "Java", 0, 0, -26, 0, 0, 0, 0, 0, 0, 0, -12, -38
"c:\Users\Utilisateur\Documents\MyCodes\GitHub\LoupGarouMinecraftPlugin\src\fr\fitzche\lgmore\commands\Lg.java", "Java", 0, 0, -557, 0, 0, 0, 0, 0, 0, -1, -125, -683
"c:\Users\Utilisateur\Documents\MyCodes\GitHub\LoupGarouMinecraftPlugin\src\fr\fitzche\lgmore\commands\LgTab.java", "Java", 0, 0, -58, 0, 0, 0, 0, 0, 0, -1, -13, -72
"c:\Users\Utilisateur\Documents\MyCodes\GitHub\LoupGarouMinecraftPlugin\src\fr\fitzche\lgmore\commands\Lga.java", "Java", 0, 0, -734, 0, 0, 0, 0, 0, 0, -4, -199, -937
"c:\Users\Utilisateur\Documents\MyCodes\GitHub\LoupGarouMinecraftPlugin\src\fr\fitzche\lgmore\commands\Rejoin.java", "Java", 0, 0, -28, 0, 0, 0, 0, 0, 0, 0, -9, -37
"c:\Users\Utilisateur\Documents\MyCodes\GitHub\LoupGarouMinecraftPlugin\src\fr\fitzche\lgmore\commands\Star.java", "Java", 0, 0, -104, 0, 0, 0, 0, 0, 0, 0, -14, -118
"c:\Users\Utilisateur\Documents\MyCodes\GitHub\LoupGarouMinecraftPlugin\src\fr\fitzche\lgmore\minecraft\GameListener.java", "Java", 0, 0, -16, 0, 0, 0, 0, 0, 0, 0, -8, -24
"c:\Users\Utilisateur\Documents\MyCodes\GitHub\LoupGarouMinecraftPlugin\src\fr\fitzche\lgmore\minecraft\PlayerDataLeft.java", "Java", 0, 0, -25, 0, 0, 0, 0, 0, 0, 0, -10, -35
"c:\Users\Utilisateur\Documents\MyCodes\GitHub\LoupGarouMinecraftPlugin\src\fr\fitzche\lgmore\minecraft\ResCheck.java", "Java", 0, 0, -20, 0, 0, 0, 0, 0, 0, 0, -9, -29
"c:\Users\Utilisateur\Documents\MyCodes\GitHub\LoupGarouMinecraftPlugin\src\fr\fitzche\lgmore\minecraft\mcListeners.java", "Java", 0, 0, -366, 0, 0, 0, 0, 0, 0, -27, -173, -566
"c:\Users\Utilisateur\Documents\MyCodes\GitHub\LoupGarouMinecraftPlugin\src\fr\fitzche\lgmore\scoreboard\Inventory\CompoDisplay.java", "Java", 0, 0, -82, 0, 0, 0, 0, 0, 0, 0, -36, -118
"c:\Users\Utilisateur\Documents\MyCodes\GitHub\LoupGarouMinecraftPlugin\src\fr\fitzche\lgmore\scoreboard\Inventory\ConfigDisplay.java", "Java", 0, 0, -97, 0, 0, 0, 0, 0, 0, 0, -50, -147
"c:\Users\Utilisateur\Documents\MyCodes\GitHub\LoupGarouMinecraftPlugin\src\fr\fitzche\lgmore\scoreboard\Inventory\DisplayMenu.java", "Java", 0, 0, -140, 0, 0, 0, 0, 0, 0, -2, -57, -199
"c:\Users\Utilisateur\Documents\MyCodes\GitHub\LoupGarouMinecraftPlugin\src\fr\fitzche\lgmore\scoreboard\Inventory\EventDisplay.java", "Java", 0, 0, -143, 0, 0, 0, 0, 0, 0, -2, -56, -201
"c:\Users\Utilisateur\Documents\MyCodes\GitHub\LoupGarouMinecraftPlugin\src\fr\fitzche\lgmore\scoreboard\Inventory\GameTypeChoose.java", "Java", 0, 0, -41, 0, 0, 0, 0, 0, 0, 0, -20, -61
"c:\Users\Utilisateur\Documents\MyCodes\GitHub\LoupGarouMinecraftPlugin\src\fr\fitzche\lgmore\scoreboard\Inventory\GeneralMenu.java", "Java", 0, 0, -61, 0, 0, 0, 0, 0, 0, 0, -22, -83
"c:\Users\Utilisateur\Documents\MyCodes\GitHub\LoupGarouMinecraftPlugin\src\fr\fitzche\lgmore\scoreboard\Inventory\InvFunct.java", "Java", 0, 0, -7, 0, 0, 0, 0, 0, 0, 0, -6, -13
"c:\Users\Utilisateur\Documents\MyCodes\GitHub\LoupGarouMinecraftPlugin\src\fr\fitzche\lgmore\scoreboard\Inventory\InventoryDisplay.java", "Java", 0, 0, -46, 0, 0, 0, 0, 0, 0, 0, -19, -65
"c:\Users\Utilisateur\Documents\MyCodes\GitHub\LoupGarouMinecraftPlugin\src\fr\fitzche\lgmore\scoreboard\Inventory\PlayerDisplay.java", "Java", 0, 0, -123, 0, 0, 0, 0, 0, 0, -49, -59, -231
"c:\Users\Utilisateur\Documents\MyCodes\GitHub\LoupGarouMinecraftPlugin\src\fr\fitzche\lgmore\scoreboard\Inventory\PlayerGameListInv.java", "Java", 0, 0, -52, 0, 0, 0, 0, 0, 0, 0, -21, -73
"c:\Users\Utilisateur\Documents\MyCodes\GitHub\LoupGarouMinecraftPlugin\src\fr\fitzche\lgmore\scoreboard\Inventory\PresetFunct.java", "Java", 0, 0, -75, 0, 0, 0, 0, 0, 0, 0, -32, -107
"c:\Users\Utilisateur\Documents\MyCodes\GitHub\LoupGarouMinecraftPlugin\src\fr\fitzche\lgmore\scoreboard\Inventory\ScenarioInv.java", "Java", 0, 0, -187, 0, 0, 0, 0, 0, 0, 0, -23, -210
"c:\Users\Utilisateur\Documents\MyCodes\GitHub\LoupGarouMinecraftPlugin\src\fr\fitzche\lgmore\scoreboard\Inventory\StringChooseInv.java", "Java", 0, 0, -112, 0, 0, 0, 0, 0, 0, -1, -36, -149
"c:\Users\Utilisateur\Documents\MyCodes\GitHub\LoupGarouMinecraftPlugin\src\fr\fitzche\lgmore\scoreboard\Inventory\SwapperConfigInv.java", "Java", 0, 0, -94, 0, 0, 0, 0, 0, 0, 0, -13, -107
"c:\Users\Utilisateur\Documents\MyCodes\GitHub\LoupGarouMinecraftPlugin\src\fr\fitzche\lgmore\scoreboard\Inventory\VoteInv.java", "Java", 0, 0, -42, 0, 0, 0, 0, 0, 0, 0, -14, -56
"c:\Users\Utilisateur\Documents\MyCodes\GitHub\LoupGarouMinecraftPlugin\src\fr\fitzche\lgmore\scoreboard\Inventory\playersDisplay.java", "Java", 0, 0, -113, 0, 0, 0, 0, 0, 0, -5, -55, -173
"c:\Users\Utilisateur\Documents\MyCodes\GitHub\LoupGarouMinecraftPlugin\src\fr\fitzche\lgmore\scoreboard\Inventory\sorcierInv.java", "Java", 0, 0, -126, 0, 0, 0, 0, 0, 0, 0, -23, -149
"c:\Users\Utilisateur\Documents\MyCodes\GitHub\LoupGarouMinecraftPlugin\src\fr\fitzche\lgmore\scoreboard\ScoreboardLg.java", "Java", 0, 0, -83, 0, 0, 0, 0, 0, 0, -10, -37, -130
"c:\Users\Utilisateur\Documents\MyCodes\GitHub\LoupGarouMinecraftPlugin\src\fr\fitzche\lgmore\scoreboard\StarBoard.java", "Java", 0, 0, -26, 0, 0, 0, 0, 0, 0, 0, -9, -35
"c:\Users\Utilisateur\Documents\MyCodes\GitHub\LoupGarouMinecraftPlugin\testServer\banned-ips.json", "JSON", 0, -1, 0, 0, 0, 0, 0, 0, 0, 0, 0, -1
"c:\Users\Utilisateur\Documents\MyCodes\GitHub\LoupGarouMinecraftPlugin\testServer\banned-players.json", "JSON", 0, -1, 0, 0, 0, 0, 0, 0, 0, 0, 0, -1
"c:\Users\Utilisateur\Documents\MyCodes\GitHub\LoupGarouMinecraftPlugin\testServer\bukkit.yml", "YAML", -29, 0, 0, 0, 0, 0, 0, 0, 0, -12, -3, -44
"c:\Users\Utilisateur\Documents\MyCodes\GitHub\LoupGarouMinecraftPlugin\testServer\commands.yml", "YAML", -4, 0, 0, 0, 0, 0, 0, 0, 0, -11, -2, -17
"c:\Users\Utilisateur\Documents\MyCodes\GitHub\LoupGarouMinecraftPlugin\testServer\help.yml", "YAML", 0, 0, 0, 0, 0, 0, 0, 0, 0, -55, -2, -57
"c:\Users\Utilisateur\Documents\MyCodes\GitHub\LoupGarouMinecraftPlugin\testServer\logs\2025-02-05-1.log", "Log", 0, 0, 0, 0, -37, 0, 0, 0, 0, 0, -1, -38
"c:\Users\Utilisateur\Documents\MyCodes\GitHub\LoupGarouMinecraftPlugin\testServer\logs\2025-02-05-2.log", "Log", 0, 0, 0, 0, -50, 0, 0, 0, 0, 0, -1, -51
"c:\Users\Utilisateur\Documents\MyCodes\GitHub\LoupGarouMinecraftPlugin\testServer\logs\2025-02-05-3.log", "Log", 0, 0, 0, 0, -43, 0, 0, 0, 0, 0, -1, -44
"c:\Users\Utilisateur\Documents\MyCodes\GitHub\LoupGarouMinecraftPlugin\testServer\logs\2025-02-05-4.log", "Log", 0, 0, 0, 0, -7, 0, 0, 0, 0, 0, -1, -8
"c:\Users\Utilisateur\Documents\MyCodes\GitHub\LoupGarouMinecraftPlugin\testServer\logs\latest.log", "Log", 0, 0, 0, 0, -171, 0, 0, 0, 0, 0, -1, -172
"c:\Users\Utilisateur\Documents\MyCodes\GitHub\LoupGarouMinecraftPlugin\testServer\ops.json", "JSON", 0, -8, 0, 0, 0, 0, 0, 0, 0, 0, 0, -8
"c:\Users\Utilisateur\Documents\MyCodes\GitHub\LoupGarouMinecraftPlugin\testServer\permissions.yml", "YAML", 0, 0, 0, 0, 0, 0, 0, 0, 0, 0, -1, -1
"c:\Users\Utilisateur\Documents\MyCodes\GitHub\LoupGarouMinecraftPlugin\testServer\plugins\PluginMetrics\config.yml", "YAML", -3, 0, 0, 0, 0, 0, 0, 0, 0, -1, -1, -5
"c:\Users\Utilisateur\Documents\MyCodes\GitHub\LoupGarouMinecraftPlugin\testServer\plugins\WorldEdit\config.yml", "YAML", -46, 0, 0, 0, 0, 0, 0, 0, 0, -16, -12, -74
"c:\Users\Utilisateur\Documents\MyCodes\GitHub\LoupGarouMinecraftPlugin\testServer\server.properties", "Java Properties", 0, 0, 0, -36, 0, 0, 0, 0, 0, -2, -1, -39
"c:\Users\Utilisateur\Documents\MyCodes\GitHub\LoupGarouMinecraftPlugin\testServer\spigot.yml", "YAML", -121, 0, 0, 0, 0, 0, 0, 0, 0, -11, -2, -134
"c:\Users\Utilisateur\Documents\MyCodes\GitHub\LoupGarouMinecraftPlugin\testServer\start.bat", "Batch", 0, 0, 0, 0, 0, 0, -1, 0, 0, 0, 0, -1
"c:\Users\Utilisateur\Documents\MyCodes\GitHub\LoupGarouMinecraftPlugin\testServer\usercache.json", "JSON", 0, -1, 0, 0, 0, 0, 0, 0, 0, 0, 0, -1
"c:\Users\Utilisateur\Documents\MyCodes\GitHub\LoupGarouMinecraftPlugin\testServer\wepif.yml", "YAML", -26, 0, 0, 0, 0, 0, 0, 0, 0, -21, -3, -50
"c:\Users\Utilisateur\Documents\MyCodes\GitHub\LoupGarouMinecraftPlugin\testServer\whitelist.json", "JSON", 0, -1, 0, 0, 0, 0, 0, 0, 0, 0, 0, -1
"c:\Users\Utilisateur\Documents\MyCodes\GitHub\LoupGarouMinecraftPlugin\testServer\world\stats\3a33b73a-fab0-4151-b785-3d76c24ff129.json", "JSON", 0, -1, 0, 0, 0, 0, 0, 0, 0, 0, 0, -1
"Total", "-", 6, 249, 4350, 767, 0, 490, 0, 0, 0, 264, 960, 7086